package_file,role,origin_class,official_original_source
data/input/user_supplied/panel_with_proxy.csv,Intermediate panel containing eGovernment Benchmark and WJP fields,user-existing-data,https://digital-strategy.ec.europa.eu/en/library/digital-decade-2025-egovernment-benchmark-2025| https://worldjusticeproject.org/rule-of-law-index/
data/input/existing_data/X_digital_government_eGov_country_year_EU27.csv,Author's cleaned eGovernment Benchmark input,user-existing-data,https://digital-strategy.ec.europa.eu/en/library/digital-decade-2025-egovernment-benchmark-2025
data/input/existing_data/C_wjp_rule_of_law_EU27_country_year_BALANCED.csv,Author's cleaned World Justice Project input,user-existing-data,https://worldjusticeproject.org/rule-of-law-index/
data/input/existing_data/2024_wjp_rule_of_law_index_HISTORICAL_DATA_FILE.xlsx,Original WJP historical source workbook,user-existing-data,https://worldjusticeproject.org/rule-of-law-index/
data/input/existing_data/7_eGovernment_Benchmark_2025_Machine_readable.xlsx,Original eGovernment Benchmark machine-readable workbook,user-existing-data,https://digital-strategy.ec.europa.eu/en/library/digital-decade-2025-egovernment-benchmark-2025
data/input/eurobarometer/EB97_2022_Volume_A.xlsx,Raw trust source workbook,network-published-data,https://data.europa.eu/data/datasets/s2693_97_5_std97_eng?locale=en | https://webgate.ec.europa.eu/ebsm/api/public/odp/download?key=BFB9C0CCD4CDFA7AE9B5828600C2BCC7
data/input/eurobarometer/EB99_2023_Volume_A.xlsx,Raw trust source workbook,network-published-data,https://data.europa.eu/data/datasets/s3052_99_4_std99_eng?locale=en | https://webgate.ec.europa.eu/ebsm/api/public/odp/download?key=0CCD7D6A9EDFF30E68F80A00649E91B6
data/input/eurobarometer/EB101_2024_Volume_A.xlsx,Raw trust source workbook,network-published-data,https://data.europa.eu/data/datasets/s3216_101_3_std101_eng?locale=en | https://webgate.ec.europa.eu/ebsm/api/public/odp/download?key=202289A0E60356141402B692C20F5193
data/input/eurobarometer/EB103_2025_Volume_A.xlsx,Raw trust source workbook,network-published-data,https://data.europa.eu/data/datasets/s3372_103_3_std103_eng?locale=en | https://webgate.ec.europa.eu/ebsm/api/public/odp/download?key=AF452C0A6DD70E5D13273C5DF2086956
data/input/eurostat/gdp_per_capita_real_2022_2025.json,Raw control-data extract,network-published-data,https://ec.europa.eu/eurostat/api/dissemination/statistics/1.0/data/nama_10_pc
data/input/eurostat/unemployment_2022_2025.json,Raw control-data extract,network-published-data,https://ec.europa.eu/eurostat/api/dissemination/statistics/1.0/data/une_rt_a
data/input/eurostat/hicp_inflation_2022_2025.json,Raw control-data extract,network-published-data,https://ec.europa.eu/eurostat/api/dissemination/statistics/1.0/data/prc_hicp_aind
data/derived/EU27_citizen_trust_2022_2025.csv,Derived trust panel,author-created-derived-data,Derived from four Standard Eurobarometer workbooks
data/derived/EU27_UDT_readiness_trust_panel_2022_2025.csv,Derived merged panel,author-created-derived-data,Derived from panel_with_proxy.csv and the trust panel
data/derived/EU27_UDT_governance_readiness_analysis_2022_2025.csv,Final analysis dataset,author-created-derived-data,Derived from the merged panel and Eurostat extracts
