"model","term","estimate","cluster_se","t","p_t26","ci95_low_t26","ci95_high_t26","effect_scale_full_sample_sd","estimate_per_full_sample_sd","ci95_low_per_full_sample_sd","ci95_high_per_full_sample_sd"
"dgri_pooled","Intercept",-52.9866936389676,29.2284774270825,-1.81284481106331,0.0814183375682998,-113.066689437044,7.09330215910919,,,,
"dgri_pooled","dgri_sd",3.56215324518476,1.37843800026229,2.58419547669679,0.0157301890776738,0.728733356301621,6.3955731340679,1,3.56215324518476,0.728733356301621,6.3955731340679
"dgri_pooled","ln_real_gdp_per_capita",11.2671908449352,2.51862713120823,4.4735446169557,0.000134890852398885,6.090078631772,16.4443030580983,0.562403742533335,6.33671029902887,3.42508301483087,9.24833758322688
"dgri_pooled","unemployment_rate_pct",-1.66409122305783,0.525643199010736,-3.16581899316811,0.00392075513890233,-2.74456629284681,-0.583616153268851,2.29608967110995,-3.82090266904781,-6.30177031668208,-1.34003502141353
"dgri_pooled","hicp_inflation_pct",0.196857926709928,0.358950693685482,0.548426093535893,0.58807804857619,-0.540975791181861,0.934691644601717,4.42585138632412,0.871263927838027,-2.39427845537003,4.13680631104608
"dgri_pooled","Year: 2023",1.81064970838233,1.42607414071627,1.2696743154412,0.215447657878737,-1.12068766954731,4.74198708631196,,,,
"dgri_pooled","Year: 2024",5.3958343490205,2.84489711240767,1.89667117502677,0.0690338306705443,-0.451935415443555,11.2436041134846,,,,
"dgri_twfe","Intercept",507.163913691369,973.859298708759,0.520777400147863,0.606929044089978,-1494.63254390059,2508.96037128333,,,,
"dgri_twfe","dgri_sd",0.58651166259159,5.79651261611812,0.101183539385509,0.920181029433372,-11.328390661304,12.5014139864872,1,0.58651166259159,-11.328390661304,12.5014139864872
"dgri_twfe","ln_real_gdp_per_capita",-39.4925425938686,90.4800181267595,-0.436478057934746,0.66609316834812,-225.476883462364,146.491798274626,0.562403742533335,-22.2107537569489,-126.809043113986,82.3875356000882
"dgri_twfe","unemployment_rate_pct",-2.16875765833439,1.59428003417183,-1.3603367111481,0.185401625617818,-5.44584720201515,1.10833188534638,2.29608967110995,-4.97966205844217,-12.50415351099,2.54482939410563
"dgri_twfe","hicp_inflation_pct",-0.565727692262151,0.242076661025553,-2.33697742634691,0.0274155069242553,-1.06332339540855,-0.0681319891157545,4.42585138632412,-2.50382669108039,-4.70611132367979,-0.301542058480982
"dgri_twfe","Country: BE",-7.44648342818964,1.94628784616915,-3.82599287296915,0.000734801149748138,-11.4471353920631,-3.44583146431613,,,,
"dgri_twfe","Country: BG",-79.7071291925859,122.321320375841,-0.651620902616815,0.520364623897292,-331.142204198792,171.727945813621,,,,
"dgri_twfe","Country: CY",-33.584735152328,30.1527157690667,-1.11382123618802,0.275547137869389,-95.5645300706757,28.3950597660198,,,,
"dgri_twfe","Country: CZ",-40.4640427935979,64.2767774120048,-0.629528181449254,0.534496560427964,-172.586850985069,91.6587653978733,,,,
"dgri_twfe","Country: DE",-6.68475374376095,5.21849818578945,-1.28097270627865,0.211511840357789,-17.4115303901556,4.04202290263369,,,,
"dgri_twfe","Country: DK",13.6097073100198,16.8926689072905,0.805657613057587,0.427747554455037,-21.1136709261629,48.3330855462024,,,,
"dgri_twfe","Country: EE",-41.7399261464213,69.4105168040404,-0.601348730254544,0.552815243253186,-184.415286788542,100.935434495699,,,,
"dgri_twfe","Country: EL",-57.7348770758676,70.0764089637425,-0.823884641488117,0.417499048841281,-201.778998655218,86.3092445034822,,,,
"dgri_twfe","Country: ES",-27.730042914381,41.3318725851557,-0.670911845507339,0.508193509215694,-112.688923767405,57.2288379386428,,,,
"dgri_twfe","Country: FI",-1.0671664024776,7.22517418409868,-0.147701131527907,0.883718108416259,-15.9187246372149,13.7843918322597,,,,
"dgri_twfe","Country: FR",-11.698325573588,13.9449126917703,-0.838895576627874,0.409174884101139,-40.3625041308265,16.9658529836505,,,,
"dgri_twfe","Country: HR",-69.6895767120227,85.2976399184878,-0.817016470545018,0.421342713467035,-245.021386611234,105.642233187188,,,,
"dgri_twfe","Country: HU",-46.3947448295644,90.0941176075642,-0.514958646153266,0.610932439861966,-231.585855820466,138.796366161337,,,,
"dgri_twfe","Country: IE",20.8553056054286,62.8196863905591,0.331986783183987,0.742560746390439,-108.272409096679,149.983020307536,,,,
"dgri_twfe","Country: IT",-37.7300424870921,23.5943242793282,-1.59911519568919,0.121878081739643,-86.2288706281375,10.7687856539533,,,,
"dgri_twfe","Country: LT",-43.6580663487539,76.8479407242157,-0.568109775451624,0.574834482266607,-201.621270806462,114.305138108954,,,,
"dgri_twfe","Country: LU",40.2922820180452,71.3934784995116,0.564369223420327,0.57733967854913,-106.459114764818,187.043678800908,,,,
"dgri_twfe","Country: LV",-47.6678574376497,88.1139087168255,-0.540979944390407,0.593126628183941,-228.788590758975,133.452875883676,,,,
"dgri_twfe","Country: MT",-32.3890716248956,33.8838166664777,-0.955886166653093,0.347933814411267,-102.038254276419,37.2601110266274,,,,
"dgri_twfe","Country: NL",-3.45329013258083,7.06174599135868,-0.489013642915867,0.628931919090631,-17.9689169060369,11.0623366408752,,,,
"dgri_twfe","Country: PL",-57.5466560557697,90.8683906774124,-0.633296745180218,0.532071509515387,-244.329308135293,129.235996023753,,,,
"dgri_twfe","Country: PT",-39.3354484738761,64.2283985284271,-0.612430784125288,0.5455723491352,-171.358812445945,92.6879154981924,,,,
"dgri_twfe","Country: RO",-71.9495753188494,102.225950414403,-0.703828871506508,0.487795430064971,-282.078025788901,138.178875151202,,,,
"dgri_twfe","Country: SE",9.04393924214037,8.18738627418563,1.1046186095623,0.27944292374575,-7.78547426998879,25.8733527542695,,,,
"dgri_twfe","Country: SI",-47.0704689345591,52.2269337669034,-0.901268091759736,0.375719082741315,-154.424468782481,60.2835309133623,,,,
"dgri_twfe","Country: SK",-44.530711655128,73.9700674728983,-0.602009882868411,0.552381737075981,-196.57836292407,107.516939613814,,,,
"dgri_twfe","Year: 2023",-0.538962089918016,2.08434059307071,-0.258576785247943,0.797997856768827,-4.8233855391332,3.74546135929717,,,,
"dgri_twfe","Year: 2024",0.970896167424371,2.82764617669526,0.343358435516526,0.734089821619692,-4.84141379083871,6.78320612568745,,,,
"dgri_mundlak","Intercept",-110.693980256107,49.0778001726107,-2.25547966426341,0.0327455207314278,-211.57484329474,-9.81311721747328,,,,
"dgri_mundlak","dgri_sd_within",0.586511662180442,4.79996846442082,0.122190732403325,0.903687529283331,-9.27996482099398,10.4529881453549,1,0.586511662180442,-9.27996482099398,10.4529881453549
"dgri_mundlak","dgri_sd_between",3.01419429573288,1.62899446097438,1.85034042039034,0.0756601551079641,-0.334251774186143,6.3626403656519,1,3.01419429573288,-0.334251774186143,6.3626403656519
"dgri_mundlak","ln_real_gdp_per_capita_within",-39.4925425775373,74.9245731557603,-0.527097331544839,0.602594936388106,-193.502208376954,114.517123221879,0.562403742533335,-22.2107537477641,-108.826366179664,64.4048586841361
"dgri_mundlak","ln_real_gdp_per_capita_between",15.9081074620642,4.05192422787995,3.92606242550287,0.000566766271571058,7.57925792850667,24.2369569956217,0.562403742533335,8.94677917328739,4.2626030246176,13.6309553219572
"dgri_mundlak","unemployment_rate_pct_within",-2.16875765810028,1.3201892919939,-1.64276264869924,0.112473190789544,-4.88244561237484,0.544930296174275,2.29608967110995,-4.97966205790465,-11.2105329403299,1.25120882452064
"dgri_mundlak","unemployment_rate_pct_between",-1.22714320445113,0.606015885727369,-2.02493570441352,0.053256603199565,-2.47282669784898,0.0185402889467072,2.29608967110995,-2.81763083671301,-5.67783183937595,0.0425701659499284
"dgri_mundlak","hicp_inflation_pct_within",-0.565727692279289,0.200458519792685,-2.82216836113709,0.00902197213957451,-0.977776080939928,-0.15367930361865,4.42585138632412,-2.50382669115624,-4.32749162334255,-0.680161758969926
"dgri_mundlak","hicp_inflation_pct_between",1.63906218526505,0.985722003778245,1.66280369006938,0.108362059062324,-0.387118411819178,3.66524278234927,4.42585138632412,7.25424564492675,-1.7133285596215,16.221819849475
"dgri_mundlak","Year: 2023",-0.538962089964571,1.72599798874286,-0.312261134415994,0.757332700552679,-4.08680176686391,3.00887758693477,,,,
"dgri_mundlak","Year: 2024",0.970896167158458,2.34151348881949,0.414644703861156,0.681803366371668,-3.84215374008938,5.78394607440629,,,,
"pca_pooled","Intercept",-58.3017237323697,29.378972167546,-1.98447118571336,0.0578511177721702,-118.69106589983,2.0876184350907,,,,
"pca_pooled","pca_pc1_sd",3.31500354789598,1.36596853340494,2.42685205905344,0.0224648275506571,0.507215015222298,6.12279208056966,1,3.31500354789598,0.507215015222298,6.12279208056966
"pca_pooled","ln_real_gdp_per_capita",11.762635911745,2.52621635229963,4.65622665336536,8.32925286618992e-05,6.56992383121205,16.9553479922779,0.562403742533335,6.61535045882237,3.69494975083261,9.53575116681214
"pca_pooled","unemployment_rate_pct",-1.65077177103954,0.535901885529979,-3.08036193865416,0.00483805274635186,-2.75233387297064,-0.549209669108449,2.29608967110995,-3.79032001284377,-6.31960537717392,-1.26103464851362
"pca_pooled","hicp_inflation_pct",0.210234723785167,0.351705422015092,0.597757983316349,0.555172713499185,-0.51270612489717,0.933175572467503,4.42585138632412,0.930467643718049,-2.26916111365301,4.13009640108911
"pca_pooled","Year: 2023",1.86801393775923,1.40507948983635,1.3294720699231,0.195240102529763,-1.0201683172327,4.75619619275116,,,,
"pca_pooled","Year: 2024",5.5115640916257,2.78926523979697,1.97599138761966,0.0588570178995213,-0.221852720960246,11.2449809042116,,,,
"pca_twfe","Intercept",508.0946808933,972.828191860004,0.522286139674721,0.605893035591107,-1491.58230621665,2507.77166800325,,,,
"pca_twfe","pca_pc1_sd",0.597495435637882,5.49130790208552,0.108807491091687,0.914190587661459,-10.6900496137511,11.8850404850269,1,0.597495435637882,-10.6900496137511,11.8850404850269
"pca_twfe","ln_real_gdp_per_capita",-39.579124738128,90.3556447120551,-0.438037101768889,0.664977160854906,-225.307812391313,146.149562915057,0.562403742533335,-22.2594478789169,-126.713956910873,82.1950611530394
"pca_twfe","unemployment_rate_pct",-2.16481946982353,1.59491875679624,-1.35732272292795,0.186344949806783,-5.4432219266619,1.11358298701483,2.29608967110995,-4.97061962447953,-12.4981256433676,2.55688639440852
"pca_twfe","hicp_inflation_pct",-0.56572269417773,0.242510480093164,-2.33277627408266,0.027669656015795,-1.06421012518865,-0.067235263166814,4.42585138632412,-2.50380457030152,-4.71003585790633,-0.297573282696711
"pca_twfe","Country: BE",-7.44835714743361,1.97321770819667,-3.77472648684098,0.000838958112536174,-11.5043642354833,-3.39235005938394,,,,
"pca_twfe","Country: BG",-79.8836540230104,123.004945508457,-0.649434489749992,0.521754056505602,-332.723940614306,172.956632568286,,,,
"pca_twfe","Country: CY",-33.5649946714957,30.370167343214,-1.10519623722112,0.279197234005669,-95.9917677019824,28.861778358991,,,,
"pca_twfe","Country: CZ",-40.5032955192282,64.4125102770112,-0.628811008064125,0.534958725654802,-172.905106610511,91.8985155720548,,,,
"pca_twfe","Country: DE",-6.62637584917451,5.26094531736668,-1.2595409093686,0.219024934396942,-17.4404038241121,4.18765212576307,,,,
"pca_twfe","Country: DK",13.6416210970835,17.1434211087404,0.795735052563602,0.433391350484874,-21.5971856709841,48.8804278651512,,,,
"pca_twfe","Country: EE",-41.8353131642991,69.2790255354758,-0.603866940115612,0.551165042666553,-184.240389632961,100.569763304363,,,,
"pca_twfe","Country: EL",-57.8759126874115,70.6774146350463,-0.818874218677391,0.420300891003684,-203.155419116918,87.4035937420948,,,,
"pca_twfe","Country: ES",-27.8444050872939,41.6126021352708,-0.66913395602562,0.509308575051114,-113.380333794876,57.6915236202885,,,,
"pca_twfe","Country: FI",-1.07436917349929,6.94050787712969,-0.154796910041633,0.878176855126393,-15.3407874340721,13.1920490870735,,,,
"pca_twfe","Country: FR",-11.7470414067499,14.2037162736528,-0.827039992944666,0.415740560819012,-40.9431983453741,17.4491155318743,,,,
"pca_twfe","Country: HR",-69.8186527336065,85.838352916428,-0.813373630334937,0.423390263321089,-246.261914117941,106.624608650727,,,,
"pca_twfe","Country: HU",-46.5817450601553,90.9315720461954,-0.51227251450674,0.612784714016342,-233.494268303185,140.330778182875,,,,
"pca_twfe","Country: IE",20.9440737810535,62.7231876634123,0.333912777096796,0.741123684915399,-107.985284946612,149.873432508719,,,,
"pca_twfe","Country: IT",-37.7874587011286,23.996991594503,-1.57467483173118,0.127422719412862,-87.1139813624951,11.539063960238,,,,
"pca_twfe","Country: LT",-43.7696640272472,76.8870138178901,-0.569272518905695,0.574056857024561,-201.813184379262,114.273856324767,,,,
"pca_twfe","Country: LU",40.3503024188112,71.3451067932744,0.56556509945003,0.576538161101004,-106.301664897884,187.002269735506,,,,
"pca_twfe","Country: LV",-47.7989638967128,88.2849502512356,-0.541416897904905,0.592829788504299,-229.271278127249,133.673350333823,,,,
"pca_twfe","Country: MT",-32.5128165455392,34.3581198017435,-0.94629207689908,0.352711936620573,-103.136943254442,38.1113101633631,,,,
"pca_twfe","Country: NL",-3.44393237313164,7.1292934952024,-0.483067834905269,0.633090500657208,-18.0984050292453,11.210540282982,,,,
"pca_twfe","Country: PL",-57.6550622405443,91.274871945488,-0.631664126299488,0.533121366535735,-245.273248532853,129.963124051765,,,,
"pca_twfe","Country: PT",-39.4594444192562,64.5653444639369,-0.611155175378896,0.546403504500033,-172.175410680996,93.2565218424838,,,,
"pca_twfe","Country: RO",-72.0232512460962,102.623547008037,-0.701819936514724,0.489026798235728,-282.968973219066,138.922470726874,,,,
"pca_twfe","Country: SE",9.0630437446888,8.31764730061031,1.08961626012007,0.285878616418672,-8.03412514196412,26.1602126313417,,,,
"pca_twfe","Country: SI",-47.1488277982276,52.5757865202006,-0.896778363555476,0.378066026540891,-155.219904750303,60.922249153848,,,,
"pca_twfe","Country: SK",-44.6190705558456,74.3268150034605,-0.600309195998352,0.55349720464756,-197.400026876021,108.16188576433,,,,
"pca_twfe","Year: 2023",-0.545125358152177,2.09492607392042,-0.260212217002978,0.796749771258893,-4.85130757487613,3.76105685857177,,,,
"pca_twfe","Year: 2024",0.957185463145152,2.85177817198664,0.335645132762324,0.73983192066274,-4.90472852185254,6.81909944814284,,,,
"pca_mundlak","Intercept",-116.091534225762,48.6417410526439,-2.38666486259442,0.0245672439908166,-216.076064906315,-16.1070035452088,,,,
"pca_mundlak","pca_pc1_sd_within",0.597495435264989,4.54723495038073,0.131397528780641,0.896472335768186,-8.74947986966836,9.94447074019834,1,0.597495435264989,-8.74947986966836,9.94447074019834
"pca_mundlak","pca_pc1_sd_between",2.80127213987964,1.57477100126482,1.77884412249763,0.0869612508898501,-0.435716012341312,6.0382602921006,1,2.80127213987964,-0.435716012341312,6.0382602921006
"pca_mundlak","ln_real_gdp_per_capita_within",-39.5791247241409,74.8215821832432,-0.52898005587758,0.601306651622027,-193.377089547634,114.218840099353,0.562403742533335,-22.2594478710505,-108.755998881794,64.2371031396925
"pca_mundlak","ln_real_gdp_per_capita_between",16.3998168082834,4.0110851940677,4.08862340608928,0.00037090839287709,8.15491311097264,24.6447205055941,0.562403742533335,9.22331834983966,4.58635365364518,13.8602830460341
"pca_mundlak","unemployment_rate_pct_within",-2.16481946961818,1.32071820457992,-1.6391229121482,0.113233627312983,-4.87959461928376,0.549955680047404,2.29608967110995,-4.97061962400802,-11.2039868045411,1.26274755652509
"pca_mundlak","unemployment_rate_pct_between",-1.20791611035021,0.610125884511783,-1.97978178112665,0.0584055053745503,-2.4620478272422,0.0462156065417831,2.29608967110995,-2.77348370454241,-5.6530825859095,0.10611517682467
"pca_mundlak","hicp_inflation_pct_within",-0.565722694195713,0.200817756110714,-2.817094987775,0.00913132032849997,-0.97850950368349,-0.152935884707937,4.42585138632412,-2.50380457038112,-4.3307376434089,-0.676871497353328
"pca_mundlak","hicp_inflation_pct_between",1.67475633369707,0.97354393503787,1.72026785173483,0.0972666297909476,-0.326391884585498,3.67590455197964,4.42585138632412,7.41222264124828,-1.44456197487767,16.2690072573742
"pca_mundlak","Year: 2023",-0.545125358199698,1.73476359965307,-0.314236105892881,0.755849361038967,-4.11098300637267,3.02073228997327,,,,
"pca_mundlak","Year: 2024",0.957185462871394,2.36149667942015,0.405330005844609,0.688550985919945,-3.89694048093411,5.8113114066769,,,,
"egov_pooled","Intercept",-71.9460237137021,29.0808744272689,-2.47399794987729,0.0202098843348138,-131.72261720043,-12.1694302269741,,,,
"egov_pooled","egov_only_sd",2.70162838204589,1.326175278348,2.03715785247578,0.0519337383535121,-0.0243639433988427,5.42762070749061,1,2.70162838204589,-0.0243639433988427,5.42762070749061
"egov_pooled","ln_real_gdp_per_capita",13.0295522150478,2.50056091414938,5.21065179469146,1.92899331351239e-05,7.889575642894,18.1695287872016,0.562403742533335,7.32786892927639,4.43712686856343,10.2186109899893
"egov_pooled","unemployment_rate_pct",-1.61211763669025,0.553886533789835,-2.91055575166222,0.00730461542284578,-2.75064771256312,-0.473587560817388,2.29608967110995,-3.70156665421867,-6.31573380167838,-1.08739950675896
"egov_pooled","hicp_inflation_pct",0.245154435384027,0.332651332967874,0.736971149932842,0.467738575732431,-0.438620172335231,0.928929043103285,4.42585138632412,1.0850170977079,-1.94126769779961,4.11130189321541
"egov_pooled","Year: 2023",2.03595695760453,1.37083775158266,1.48519177798684,0.149517859252709,-0.781840396376634,4.85375431158569,,,,
"egov_pooled","Year: 2024",5.85133169611453,2.66875879615739,2.19252924038679,0.037487211989397,0.3656194259759,11.3370439662532,,,,
"rol_pooled","Intercept",-16.4044891618507,52.1310182594749,-0.314678088200765,0.75551753208778,-123.561331860631,90.752353536929,,,,
"rol_pooled","z_rule_of_law",5.0840865649234,2.94973304508932,1.72357514636361,0.0966583783154694,-0.979176545395378,11.1473496752422,1,5.0840865649234,-0.979176545395378,11.1473496752422
"rol_pooled","ln_real_gdp_per_capita",7.63727742092439,4.74604199936281,1.60918875600969,0.119651569833194,-2.11835162580133,17.3929064676501,0.562403742533335,4.29523340429322,-1.19136888235225,9.78183569093868
"rol_pooled","unemployment_rate_pct",-1.63109996927454,0.37793376706428,-4.31583550193101,0.000204354408356102,-2.40795395333237,-0.854245985216719,2.29608967110995,-3.74515179199903,-5.52887820075481,-1.96142538324325
"rol_pooled","hicp_inflation_pct",0.194196080355137,0.501297717958389,0.387386723294952,0.701623009324378,-0.836236136432823,1.2246282971431,4.42585138632412,0.859482991458496,-3.70105686372554,5.42002284664253
"rol_pooled","Year: 2023",2.27186327628954,2.11998692693507,1.0716402292037,0.293728702973111,-2.08583226156353,6.6295588141426,,,,
"rol_pooled","Year: 2024",6.54167501100812,4.27216749793073,1.5312309300084,0.137790286770139,-2.23989104780176,15.323241069818,,,,
"components_pooled","Intercept",-12.4094901085166,45.7099806592063,-0.271483162529346,0.788163436530181,-106.367700993312,81.5487207762784,,,,
"components_pooled","egov_only_sd",1.79586729458379,1.31870323451175,1.36184339856322,0.184931462903501,-0.91476602478869,4.50650061395626,1,1.79586729458379,-0.91476602478869,4.50650061395626
"components_pooled","z_rule_of_law",4.26994289478249,3.10539660772822,1.37500726450081,0.180863300829639,-2.11329125106458,10.6531770406296,1,4.26994289478249,-2.11329125106458,10.6531770406296
"components_pooled","ln_real_gdp_per_capita",7.38462271678259,4.23410072986846,1.74408290872475,0.0929582309645565,-1.3186959796413,16.0879414132065,0.562403742533335,4.15313945311521,-0.741639554213933,9.04791846044436
"components_pooled","unemployment_rate_pct",-1.71100645406134,0.41320955642474,-4.14077174029003,0.000323582779985922,-2.56037086162095,-0.861642046501723,2.29608967110995,-3.92862424637269,-5.87884108957875,-1.97840740316664
"components_pooled","hicp_inflation_pct",0.13718178584358,0.450867924468899,0.304261577279364,0.763350546336613,-0.789590505842052,1.06395407752921,4.42585138632412,0.607146197054229,-3.49461023490941,4.70890262901787
"components_pooled","Year: 2023",1.76083515564338,1.73857055794286,1.01280626638867,0.32048575195509,-1.81284780736594,5.33451811865269,,,,
"components_pooled","Year: 2024",5.39812357968884,3.46260559922059,1.55897731491681,0.131092273351005,-1.71936416391872,12.5156113232964,,,,
"components_twfe","Intercept",500.593751917604,976.96269759508,0.512398020057347,0.612698110757334,-1507.58183344504,2508.76933728025,,,,
"components_twfe","egov_only_sd",0.559870003853007,4.88119317202628,0.114699415516185,0.909564581987613,-9.4735662569496,10.5933062646556,1,0.559870003853007,-9.4735662569496,10.5933062646556
"components_twfe","z_rule_of_law",-3.53835309039391,13.8980046421969,-0.254594323536978,0.801039367056173,-32.106110770825,25.0294045900372,1,-3.53835309039391,-32.106110770825,25.0294045900372
"components_twfe","ln_real_gdp_per_capita",-38.5882566128007,90.6688106125252,-0.425595707632124,0.673904750604855,-224.960665993582,147.78415276798,0.562403742533335,-21.7021799368758,-126.518720477582,83.1143606038302
"components_twfe","unemployment_rate_pct",-2.14044835568337,1.6111506432271,-1.32852155363703,0.195549406891384,-5.45221593292507,1.17131922155833,2.29608967110995,-4.91466136102885,-12.5187766882503,2.68945396619262
"components_twfe","hicp_inflation_pct",-0.603772705480011,0.292796134685172,-2.06209247307591,0.0493248354541091,-1.20562377984623,-0.00192163111379762,4.42585138632412,-2.67220826557338,-5.33591167741775,-0.00850485372900475
"components_twfe","Country: BE",-8.04225287076372,3.02035198769753,-2.66268729721613,0.0131229649826815,-14.2506752965395,-1.83383044498793,,,,
"components_twfe","Country: BG",-87.8116296878641,129.823736358803,-0.676391175841471,0.504765497591362,-354.668141607995,179.044882232267,,,,
"components_twfe","Country: CY",-37.6814420537088,34.1673676752603,-1.10284884723481,0.280196647783638,-107.913472151141,32.5505880437236,,,,
"components_twfe","Country: CZ",-42.2661292719674,65.5519921886933,-0.644772612711802,0.524723341939718,-177.010178977514,92.4779204335793,,,,
"components_twfe","Country: DE",-5.37349804058135,8.00665126081467,-0.671129273093206,0.508057234948765,-21.831405412133,11.0844093309703,,,,
"components_twfe","Country: DK",16.8198422551549,21.4897587981381,0.782691067552241,0.440879537929951,-27.3529895837526,60.9926740940624,,,,
"components_twfe","Country: EE",-40.6862993015607,69.416757109891,-0.586116393152042,0.562851473290682,-183.374487076064,102.001888472942,,,,
"components_twfe","Country: EL",-64.3635845582627,77.5293035132233,-0.830183964535228,0.413993026941877,-223.727350287172,95.0001811706462,,,,
"components_twfe","Country: ES",-30.4998131870502,44.4606480084133,-0.685995696267827,0.498787913254193,-121.889984029482,60.8903576553818,,,,
"components_twfe","Country: FI",1.36315886943896,10.1060750314847,0.134885092896317,0.893741527646458,-19.4101758669115,22.1364936057894,,,,
"components_twfe","Country: FR",-14.5642420545717,18.8088450827934,-0.774329417381146,0.4457207631114,-53.2263768291267,24.0978927199834,,,,
"components_twfe","Country: HR",-75.8718825766135,91.2180042917342,-0.831764333869434,0.413116340239747,-263.373175732525,111.629410579298,,,,
"components_twfe","Country: HU",-55.9118271014481,101.044046172407,-0.553341134083725,0.584757151156004,-263.610838608421,151.787184405525,,,,
"components_twfe","Country: IE",20.448238166173,63.0223455340487,0.324460125894959,0.748185757996431,-109.096048371387,149.992524703733,,,,
"components_twfe","Country: IT",-42.7358834632487,31.5832819215423,-1.3531172463144,0.187667456467163,-107.656249221936,22.1844822954388,,,,
"components_twfe","Country: LT",-44.4753807485113,77.7672316887218,-0.571903869826979,0.572298999007009,-204.32821484644,115.377453349417,,,,
"components_twfe","Country: LU",40.3419677907254,71.8175222506378,0.561728760983078,0.579111372765091,-107.28106340585,187.964998987301,,,,
"components_twfe","Country: LV",-49.8345598904489,90.0151380654408,-0.553624212121068,0.584566167994289,-234.863326107465,135.194206326567,,,,
"components_twfe","Country: MT",-36.8734476565771,40.2245948740754,-0.916689099592198,0.367730682047112,-119.556286577722,45.809391264568,,,,
"components_twfe","Country: NL",-2.48698119312046,8.2738861820628,-0.3005819923547,0.766123713626657,-19.494197812331,14.5202354260901,,,,
"components_twfe","Country: PL",-62.4648464131731,95.0182067217078,-0.657398708819269,0.51670265196407,-257.777567536697,132.847874710351,,,,
"components_twfe","Country: PT",-43.0345555080964,67.807980833549,-0.634653251417928,0.53120005082633,-182.415856286388,96.3467452701951,,,,
"components_twfe","Country: RO",-77.0040602699642,106.116599722201,-0.72565517997703,0.474531839029472,-295.12985492763,141.121734387702,,,,
"components_twfe","Country: SE",10.8445322239534,10.8639146421216,0.998215890053746,0.327374841827173,-11.486564141831,33.1756285897377,,,,
"components_twfe","Country: SI",-51.0280121740939,56.0248029387865,-0.910811096111267,0.370762316511743,-166.188643908935,64.1326195607475,,,,
"components_twfe","Country: SK",-48.9704963752747,77.8553557052754,-0.628993290592037,0.53484123782408,-209.004471983481,111.063479232931,,,,
"components_twfe","Year: 2023",-0.670333278095256,2.20367868784801,-0.304188301947898,0.763405740030275,-5.20005969427673,3.85939313808622,,,,
"components_twfe","Year: 2024",0.634916855067445,3.19506423684888,0.198718025054053,0.844029072400945,-5.93263174213045,7.20246545226534,,,,
"four_pillars_pooled","Intercept",-54.5247060730226,49.9256914422177,-1.09211719453355,0.284798462816426,-157.148434577102,48.0990224310564,,,,
"four_pillars_pooled","z_user_centricity",-2.51216365015692,2.78329468750899,-0.902586298688076,0.37503182031495,-8.23330781674997,3.20898051643612,1,-2.51216365015692,-8.23330781674997,3.20898051643612
"four_pillars_pooled","z_key_enablers",6.25865143954144,2.6499275889167,2.36181979678169,0.0259557374563361,0.811647270251224,11.7056556088316,1,6.25865143954144,0.811647270251224,11.7056556088316
"four_pillars_pooled","z_transparency",-2.2520085919876,2.26572624166786,-0.993945583792081,0.329410255240669,-6.90927558164157,2.40525839766637,1,-2.2520085919876,-6.90927558164157,2.40525839766637
"four_pillars_pooled","z_rule_of_law",3.24961464076469,2.55964825146625,1.26955515817582,0.215489462219956,-2.01181769269495,8.51104697422433,1,3.24961464076469,-2.01181769269495,8.51104697422433
"four_pillars_pooled","ln_real_gdp_per_capita",11.4628814158495,4.70581602516557,2.43589663398415,0.022015051173199,1.78993804328425,21.1358247884147,0.562403742533335,6.44676740848956,1.00666785444586,11.8868669625333
"four_pillars_pooled","unemployment_rate_pct",-1.59783881145985,0.346144330549766,-4.61610568320467,9.26003903595252e-05,-2.30934867292422,-0.886328949995477,2.29608967110995,-3.66878119109155,-5.30247163489277,-2.03509074729034
"four_pillars_pooled","hicp_inflation_pct",0.0905699659732697,0.36296946250013,0.249525029872829,0.804915536776476,-0.655524449524127,0.836664381470667,4.42585138632412,0.400849209462124,-2.90125379369572,3.70295221261996
"four_pillars_pooled","Year: 2023",1.77906690304019,1.6390573345139,1.08542078765525,0.287697216011075,-1.59006369967665,5.14819750575702,,,,
"four_pillars_pooled","Year: 2024",5.01970615358164,2.9999301151745,1.67327436335618,0.106264674274811,-1.14673851203085,11.1861508191941,,,,
"leave_out_user_centricity","Intercept",-45.9562024730014,28.0339725332721,-1.63930397015473,0.113195698471213,-103.580858297248,11.668453351245,,,,
"leave_out_user_centricity","drop_user_centricity_sd",3.99165832473446,1.48667560324567,2.68495582763313,0.0124604013349041,0.935752856550835,7.04756379291808,1,3.99165832473446,0.935752856550835,7.04756379291808
"leave_out_user_centricity","ln_real_gdp_per_capita",10.5965272052704,2.41904922636507,4.38045124910213,0.000172395054348327,5.62410030695074,15.5689541035901,0.562403742533335,5.95952655810038,3.16301506101198,8.75603805518879
"leave_out_user_centricity","unemployment_rate_pct",-1.62504571099688,0.495778943693263,-3.27776266351943,0.0029690727311081,-2.64413392481765,-0.605957497176108,2.29608967110995,-3.73125067210145,-6.0711685938052,-1.3913327503977
"leave_out_user_centricity","hicp_inflation_pct",0.156875335682585,0.382934700541635,0.409666022590002,0.685406644105124,-0.630258214358639,0.94400888572381,4.42585138632412,0.694306921910832,-2.78942919176135,4.17804303558301
"leave_out_user_centricity","Year: 2023",1.72715062246516,1.48893482093989,1.1599907518953,0.256594124446573,-1.33339873419725,4.78769997912757,,,,
"leave_out_user_centricity","Year: 2024",5.19204457161476,3.01799549419046,1.72036193612922,0.0972492818855108,-1.01153401238527,11.3956231556148,,,,
"leave_out_key_enablers","Intercept",-49.6605344722816,33.0439015330505,-1.50286534483863,0.144923772815233,-117.583246841083,18.26217789652,,,,
"leave_out_key_enablers","drop_key_enablers_sd",3.39174975353334,1.51687014419213,2.23601853231791,0.0341499904533053,0.27377851754796,6.50972098951872,1,3.39174975353334,0.27377851754796,6.50972098951872
"leave_out_key_enablers","ln_real_gdp_per_capita",10.8987691784203,2.89537086443069,3.76420489420214,0.000862060339648904,4.94724913079414,16.8502892260464,0.562403742533335,6.12950857495053,2.78235142640342,9.47666572349765
"leave_out_key_enablers","unemployment_rate_pct",-1.65200104129863,0.53160552299396,-3.1075693721064,0.00452573437099543,-2.74473184355786,-0.55927023903941,2.29608967110995,-3.79314252758867,-6.30215043595976,-1.28413461921758
"leave_out_key_enablers","hicp_inflation_pct",0.224954366814288,0.370099104587344,0.607821969915623,0.548578469941929,-0.535795237880366,0.985703971508941,4.42585138632412,0.995614596224681,-2.37135009635868,4.36257928880804
"leave_out_key_enablers","Year: 2023",1.97644469447326,1.49440608373099,1.32256199703015,0.197497357194591,-1.09535100392279,5.04824039286931,,,,
"leave_out_key_enablers","Year: 2024",5.82584070543749,3.00867435333722,1.93634804610059,0.0637660406491574,-0.358577999136979,12.010259410012,,,,
"leave_out_transparency","Intercept",-45.105604837958,26.5575074782806,-1.69841258163427,0.101367975817203,-99.6953432765421,9.48413360062602,,,,
"leave_out_transparency","drop_transparency_sd",4.10494450865047,1.19884931327266,3.42407045089316,0.00205600308175736,1.64067445272172,6.56921456457921,1,4.10494450865047,1.64067445272172,6.56921456457921
"leave_out_transparency","ln_real_gdp_per_capita",10.5787110098652,2.30924855976813,4.5810187756174,0.000101587123030548,5.83198261411818,15.3254394056123,0.562403742533335,5.9495066631268,3.27992884856941,8.61908447768419
"leave_out_transparency","unemployment_rate_pct",-1.74480270281834,0.488218217612773,-3.57381728062064,0.00140551196605938,-2.74834962160314,-0.741255784033529,2.29608967110995,-4.0062234640659,-6.31045717876191,-1.70198974936989
"leave_out_transparency","hicp_inflation_pct",0.172789575929386,0.349057135064112,0.495018031640148,0.624744973317698,-0.544707640963237,0.890286792822009,4.42585138632412,0.764740984169429,-2.41079506789849,3.94027703623734
"leave_out_transparency","Year: 2023",1.64568244837753,1.43721730140274,1.14504775775474,0.262620749603585,-1.30856002438268,4.59992492113773,,,,
"leave_out_transparency","Year: 2024",5.02474618593044,2.80533903179825,1.79113687471476,0.0849210882263314,-0.741710779304751,10.7912031511656,,,,
"h2_pooled","Intercept",-49.3442957203081,40.6666708294995,-1.21338419678342,0.23589149753989,-132.935834781944,34.2472433413276,,,,
"h2_pooled","efficiency_conditions",1.7987815363633,2.33114378636425,0.771630453207158,0.447290228922622,-2.99295314221783,6.59051621494443,0.954376189879715,1.71671426910039,-2.85640321635838,6.28983175455915
"h2_pooled","legitimacy_conditions",2.56965919078333,3.97043985234522,0.647197611938513,0.523177646727534,-5.59169681007312,10.7310151916398,0.870992625832496,2.23815420607498,-4.87032668746478,9.34663509961474
"h2_pooled","ln_real_gdp_per_capita",10.9107741786439,3.71101948940921,2.94010155693924,0.0068032572246364,3.2826643707858,18.538883986502,0.562403742533335,6.1362602320054,1.84618272761077,10.4263377364
"h2_pooled","unemployment_rate_pct",-1.65581884492138,0.528634652210307,-3.13225559088519,0.00425914712703513,-2.7424429348264,-0.569194755016357,2.29608967110995,-3.80190854705318,-6.29689489626335,-1.30692219784301
"h2_pooled","hicp_inflation_pct",0.191456137241278,0.382006019428102,0.501186179023843,0.620457148235679,-0.593768481431966,0.976680755914523,4.42585138632412,0.847356410429574,-2.62793105670124,4.32264387756038
"h2_pooled","Year: 2023",1.81323020932425,1.45398892305991,1.24707291820925,0.223488087920574,-1.17548682548605,4.80194724413454,,,,
"h2_pooled","Year: 2024",5.416831665411,2.87752376286356,1.882462878437,0.0710102129271483,-0.498003139549459,11.3316664703715,,,,
"h2_twfe","Intercept",633.853081784218,960.262064157221,0.6600834349741,0.515005894774443,-1339.99385990292,2607.70002347136,,,,
"h2_twfe","efficiency_conditions",-4.34729314759875,3.87149662220288,-1.12289731125353,0.2717434962448,-12.3052684261432,3.61068213094572,0.954376189879715,-4.14895307049549,-11.7438551959897,3.44594905499875
"h2_twfe","legitimacy_conditions",13.8862351495957,8.17126095716619,1.69939929986173,0.101179714344022,-2.91003229869251,30.682502597884,0.870992625832496,12.0948084158739,-2.53461667309556,26.7242335048434
"h2_twfe","ln_real_gdp_per_capita",-51.4780410038497,89.2334589682363,-0.576891690617686,0.568974361583933,-234.90004282499,131.943960817291,0.562403742533335,-28.9514429188496,-132.108663206015,74.2057773683162
"h2_twfe","unemployment_rate_pct",-3.39040466700699,1.74425426593981,-1.94375598398221,0.0628223891011687,-6.97577065912468,0.194961325110698,2.29608967110995,-7.78467313679771,-16.016994958448,0.447648684852582
"h2_twfe","hicp_inflation_pct",-0.450079983595892,0.228732026463823,-1.96771737895251,0.0598532849770147,-0.920245397552721,0.0200854303609381,4.42585138632412,-1.99198711935461,-4.0728693685171,0.0888951298078746
"h2_twfe","Country: BE",-3.05471743641934,2.44392755686682,-1.24992143397882,0.222462384825426,-8.07828247546963,1.96884760263096,,,,
"h2_twfe","Country: BG",-76.9400559812334,117.348846192822,-0.655652428442368,0.517807951699638,-318.154063921353,164.273951958886,,,,
"h2_twfe","Country: CY",-23.593186680454,26.8266342833979,-0.879468755983863,0.387203598097663,-78.7361231896845,31.5497498287765,,,,
"h2_twfe","Country: CZ",-47.0450129606547,62.9018566825159,-0.747911356545558,0.461225445730352,-176.341631116861,82.2516051955516,,,,
"h2_twfe","Country: DE",-5.20643029317569,4.53527698475581,-1.14798507581252,0.26142800490637,-14.5288256477407,4.11596506138936,,,,
"h2_twfe","Country: DK",11.298379715613,15.734655503335,0.718057012002472,0.479125229560919,-21.0446678783962,43.6414273096223,,,,
"h2_twfe","Country: EE",-53.6801189656871,68.9119695119964,-0.778966547405706,0.443032008973789,-195.330700972456,87.9704630410816,,,,
"h2_twfe","Country: EL",-42.546890472848,65.3478160290139,-0.651083587153969,0.520705892640115,-176.871250071505,91.7774691258086,,,,
"h2_twfe","Country: ES",-18.2854991540976,38.6755365880403,-0.472792384210954,0.640306253816417,-97.784203166124,61.2132048579288,,,,
"h2_twfe","Country: FI",0.325409980988695,6.80038205285779,0.0478517204561977,0.962200099678373,-13.6529755226791,14.3037954846565,,,,
"h2_twfe","Country: FR",-3.38744783272188,12.8085749438109,-0.264467190736053,0.793505158054673,-29.7158506967887,22.940955031345,,,,
"h2_twfe","Country: HR",-64.5329070119524,81.2757898592435,-0.79399913705807,0.43438337841225,-231.597685716579,102.531871692675,,,,
"h2_twfe","Country: HU",-33.8371267557504,85.198824882405,-0.397154852809929,0.69449483336981,-208.965819439313,141.291565927812,,,,
"h2_twfe","Country: IE",23.4710365567041,61.0924636640996,0.384188738659375,0.7039627922775,-102.106320984073,149.048394097481,,,,
"h2_twfe","Country: IT",-22.4625890031388,21.4030168771784,-1.04950573706692,0.303603430500388,-66.4571202699492,21.5319422636716,,,,
"h2_twfe","Country: LT",-49.4639805979673,75.0142032604396,-0.659394867212476,0.515440779935005,-203.657883716141,104.729922520206,,,,
"h2_twfe","Country: LU",41.8065090252007,69.0629214219529,0.605339423303222,0.550201303449993,-100.154359076303,183.767377126704,,,,
"h2_twfe","Country: LV",-51.7732005434818,85.5700793638198,-0.605038594429214,0.550398124311395,-227.66501774282,124.118616655857,,,,
"h2_twfe","Country: MT",-36.517473372273,33.4417455753469,-1.09197270489354,0.284860788253146,-105.257965882004,32.2230191374576,,,,
"h2_twfe","Country: NL",-8.39953645974123,6.37764119396886,-1.31702869513644,0.199319405833411,-21.5089656830457,4.70989276356324,,,,
"h2_twfe","Country: PL",-58.2165499658868,87.5888786404235,-0.664656870478748,0.512122534969735,-238.258068508995,121.824968577222,,,,
"h2_twfe","Country: PT",-36.3393118957142,61.5554572817629,-0.590350774739197,0.560052216686613,-162.868366447502,90.1897426560731,,,,
"h2_twfe","Country: RO",-76.0204651244494,98.5567666648403,-0.771336841669841,0.447461166418723,-278.606800381485,126.565870132586,,,,
"h2_twfe","Country: SE",12.2300373324476,8.45436684737387,1.44659411558969,0.159959783478824,-5.14816260741569,29.608237272311,,,,
"h2_twfe","Country: SI",-46.8406472823031,50.2577870918613,-0.932007754274728,0.359906973156508,-150.14700817067,56.4657136060636,,,,
"h2_twfe","Country: SK",-37.5007886741864,70.1158166393229,-0.534840646114003,0.59730489570562,-181.6259138908,106.624336542428,,,,
"h2_twfe","Year: 2023",-0.150104425434847,1.98839966758834,-0.0754900676567218,0.940402665241287,-4.23731847795039,3.93710962708069,,,,
"h2_twfe","Year: 2024",2.18990912519871,2.60262356709294,0.841423689882582,0.407783293756556,-3.15986023466655,7.53967848506397,,,,
"h3_twfe","Intercept",647.269872976889,1015.98344670852,0.63708702644108,0.529638446471541,-1441.11401090632,2735.6537568601,,,,
"h3_twfe","efficiency_conditions",-5.03407516706761,7.8580714962858,-0.640624760088658,0.527372912406402,-21.1865724586435,11.1184221245083,0.954376189879715,-4.80440147751408,-20.2199602996907,10.6111573446626
"h3_twfe","legitimacy_conditions",13.9482644469883,8.42333242953239,1.6559081056905,0.109762165229517,-3.36614333339068,31.2626722273673,0.870992625832496,12.1488354764884,-2.9318860208785,27.2295569738553
"h3_twfe","efficiency_x_legitimacy",-0.540442546448389,5.70804496545188,-0.0946808495236871,0.925294257191689,-12.273497010032,11.1926119171352,0.866825076797141,-0.468469151829567,-10.6389749882904,9.70203668463131
"h3_twfe","ln_real_gdp_per_capita",-52.7153336152232,94.3442115652713,-0.558755357012577,0.581109693266023,-246.64263785319,141.211970622743,0.562403742533335,-29.6473009140949,-138.712742596928,79.4181407687382
"h3_twfe","unemployment_rate_pct",-3.37193825299432,1.70378577512889,-1.97908581126593,0.0584881805850496,-6.87412007091273,0.130243564924087,2.29608967110995,-7.74227259432077,-15.7835960927923,0.299050904150734
"h3_twfe","hicp_inflation_pct",-0.444905108003034,0.225115120188426,-1.97634484805214,0.0588147843424849,-0.907635864633972,0.0178256486279034,4.42585138632412,-1.96908388903791,-4.01706144976776,0.0788936716919331
"h3_twfe","Country: BE",-3.23968339797801,3.16038685989611,-1.02509076945235,0.314763708629139,-9.73595162599458,3.25658483003856,,,,
"h3_twfe","Country: BG",-78.9381552293735,125.684068291026,-0.628068110005714,0.535437693384849,-337.285457569978,179.409147111231,,,,
"h3_twfe","Country: CY",-24.3830780067015,30.2840337775745,-0.805146308638622,0.428037265223883,-86.632800957361,37.8666449439581,,,,
"h3_twfe","Country: CZ",-48.7197395692911,70.5499590923575,-0.690570769934985,0.495954577028976,-193.737257378682,96.2977782401002,,,,
"h3_twfe","Country: DE",-5.91190110605885,9.60239918491307,-0.615669166862737,0.543465284796848,-25.649915312248,13.8261131001303,,,,
"h3_twfe","Country: DK",12.6923454430371,24.4083467518518,0.520000210258982,0.607463044980311,-37.4797298539975,62.8644207400717,,,,
"h3_twfe","Country: EE",-53.8825857242009,69.9165758259058,-0.770669688663959,0.447849721882093,-197.598165583457,89.832994135055,,,,
"h3_twfe","Country: EL",-44.1118748577583,71.6766563344191,-0.615428747847098,0.543621566766713,-191.445352016645,103.221602301128,,,,
"h3_twfe","Country: ES",-18.8996191796527,40.8198673064331,-0.463000505067154,0.647216105192741,-102.806058109522,65.0068197502163,,,,
"h3_twfe","Country: FI",1.22907785773441,10.9789923226935,0.111948148027567,0.911724327845883,-21.3385640681962,23.796719783665,,,,
"h3_twfe","Country: FR",-3.83978661791821,14.62982640915,-0.262462896724233,0.795033057047329,-33.9118254841611,26.2322522483246,,,,
"h3_twfe","Country: HR",-66.2210115673552,88.3985790607304,-0.749118507005197,0.460510081532865,-247.926893160886,115.484870026176,,,,
"h3_twfe","Country: HU",-35.4154490478759,91.7526748635936,-0.385988191630676,0.702645868395441,-224.01577330422,153.184875208469,,,,
"h3_twfe","Country: IE",23.2059949191871,60.6724692167683,0.382479816937689,0.705214331874598,-101.508051671034,147.920041509408,,,,
"h3_twfe","Country: IT",-23.3082306777846,25.0457317884749,-0.930626857886828,0.360607671039967,-74.7904696813484,28.1740083257791,,,,
"h3_twfe","Country: LT",-50.1847838834265,77.8978207931795,-0.644238611201566,0.52506404697661,-210.306047729934,109.936479963081,,,,
"h3_twfe","Country: LU",42.9674491564888,73.9002450951958,0.581424988525269,0.565961181684153,-108.93668015961,194.871578472587,,,,
"h3_twfe","Country: LV",-52.9885901093639,90.480700404275,-0.585634172509792,0.56317071155146,-238.974333419377,132.997153200649,,,,
"h3_twfe","Country: MT",-35.8042923913631,32.1202827961857,-1.11469418306662,0.275179636175405,-101.828479256457,30.2198944737308,,,,
"h3_twfe","Country: NL",-7.81457370854048,9.6431252237579,-0.810377707144942,0.425078808623917,-27.6363014864945,12.0071540694135,,,,
"h3_twfe","Country: PL",-59.8605119849399,94.6030485125076,-0.63275457742808,0.5324200280003,-254.319863187759,134.598839217879,,,,
"h3_twfe","Country: PT",-37.0993740105773,64.5918085618705,-0.574366546418049,0.570656278495368,-169.869738004687,95.6709899835321,,,,
"h3_twfe","Country: RO",-77.9739408199193,106.821389479458,-0.72994688797709,0.471948686358561,-297.548451571682,141.600569931843,,,,
"h3_twfe","Country: SE",12.285823776312,8.73879402578169,1.40589465091701,0.171594112147042,-5.67702460191873,30.2486721545427,,,,
"h3_twfe","Country: SI",-47.9601937935713,55.1711663822216,-0.869298166750848,0.392638512143767,-161.366150456492,65.4457628693493,,,,
"h3_twfe","Country: SK",-39.0160689474951,76.5231824244936,-0.509859466260343,0.614450914394477,-196.311723159681,118.27958526469,,,,
"h3_twfe","Year: 2023",-0.0785803646759291,1.82118014591455,-0.0431480459811778,0.965913187366585,-3.82206976767521,3.66490903832335,,,,
"h3_twfe","Year: 2024",2.38663543230734,2.76494357448013,0.86317690325962,0.395933051268544,-3.29678748122302,8.0700583458377,,,,
"h4_twfe","Intercept",615.557152738584,986.444828693275,0.624015793720568,0.538054359641539,-1412.10923223747,2643.22353771464,,,,
"h4_twfe","mean_conditions",9.68268827289506,8.24430970273811,1.17446925479755,0.250852383127775,-7.2637330223722,26.6291095681623,0.846461697913323,8.19602475584018,-6.14847178730625,22.5405212989866
"h4_twfe","gap_positive",-9.87688074894194,5.35543148164022,-1.84427357212998,0.0765673073231643,-20.8851278160882,1.13136631820436,0.392343546127922,-3.87513041772249,-8.19414510869897,0.443884273253988
"h4_twfe","gap_negative",8.60858262062214,6.03447481219056,1.42656699854501,0.165603456869545,-3.79545800258447,21.0126232438288,0.424057952263711,3.650537917994,-1.60949414847888,8.91056998446689
"h4_twfe","ln_real_gdp_per_capita",-49.7433734846163,91.6890604554853,-0.54252244747089,0.592079067367838,-238.212936452373,138.72618948314,0.562403742533335,-27.9758594139817,-133.97184698067,78.0201281527065
"h4_twfe","unemployment_rate_pct",-3.4284259615717,1.71123365071241,-2.00348208448589,0.0556507701535015,-6.94591710700738,0.0890651838639673,2.29608967110995,-7.87197343852997,-15.9484485257855,0.204501648725564
"h4_twfe","hicp_inflation_pct",-0.45526643449903,0.23190362789027,-1.96317081643263,0.0604070096880738,-0.931951168555562,0.0214182995575012,4.42585138632412,-2.01494158027437,-4.12467737133802,0.094794210789272
"h4_twfe","Country: BE",-3.03262466914384,2.43882102168619,-1.24347979707305,0.22478701258052,-8.04569307480089,1.98044373651322,,,,
"h4_twfe","Country: BG",-73.9385041088271,121.346179171081,-0.609318765649673,0.547601229195507,-323.369147661817,175.492139444163,,,,
"h4_twfe","Country: CY",-22.1996518150129,29.0448216357547,-0.764323916098171,0.451555686266307,-81.902137727438,37.5028340974123,,,,
"h4_twfe","Country: CZ",-45.525408881525,65.1291640683155,-0.699001891591489,0.49075709033265,-179.400322938149,88.3495051750991,,,,
"h4_twfe","Country: DE",-4.97097612904008,5.09731949047272,-0.975213764475862,0.338441006663665,-15.4486663998748,5.50671414179468,,,,
"h4_twfe","Country: DK",10.7718617377151,16.4939149912549,0.653080954001906,0.51943790841125,-23.1318660852823,44.6755895607125,,,,
"h4_twfe","Country: EE",-52.3935183155049,70.694812011749,-0.741122535367906,0.46526076245122,-197.708785564979,92.9217489339689,,,,
"h4_twfe","Country: EL",-40.212754617055,67.9606200617996,-0.591706705743529,0.559157352745984,-179.907809822507,99.4823005883974,,,,
"h4_twfe","Country: ES",-16.9280088739425,39.8733122223838,-0.424544837898859,0.674661079568332,-98.8887759632511,65.0327582153661,,,,
"h4_twfe","Country: FI",0.406690320804671,6.8464447279646,0.0594016802828374,0.953086400354423,-13.6663783675679,14.4797590091772,,,,
"h4_twfe","Country: FR",-2.88455676671958,13.2074678274847,-0.218403467220025,0.828819991552205,-30.0328956960429,24.2637821626037,,,,
"h4_twfe","Country: HR",-62.4291118100273,84.0204482343416,-0.743022836963523,0.464129122097514,-235.135616603686,110.277392983631,,,,
"h4_twfe","Country: HU",-30.7017984335789,89.0876379769039,-0.34462467667555,0.733148671783928,-213.824060914264,152.420464047106,,,,
"h4_twfe","Country: IE",22.8950818338649,62.1472147445785,0.36840077110394,0.715557076810805,-104.850347603277,150.640511271006,,,,
"h4_twfe","Country: IT",-21.4072268926755,22.5033628216231,-0.951290127718404,0.350217309331264,-67.6635516409833,24.8490978556324,,,,
"h4_twfe","Country: LT",-47.8894607633624,77.0910768705396,-0.621206275841548,0.539872505258049,-206.352438727437,110.573517200712,,,,
"h4_twfe","Country: LU",40.6738609256499,70.7162889335973,0.575169618471393,0.570121106361682,-104.685552768935,186.033274620234,,,,
"h4_twfe","Country: LV",-49.8508531293464,88.0786109432654,-0.565981372724613,0.576259290760484,-230.899030838001,131.197324579308,,,,
"h4_twfe","Country: MT",-35.8844320355101,34.3129105797385,-1.04579971297158,0.305279347974657,-106.415629857683,34.6467657866629,,,,
"h4_twfe","Country: NL",-8.62369509233179,6.5555946843878,-1.31547106059946,0.199834653796682,-22.0989129539016,4.85152276923807,,,,
"h4_twfe","Country: PL",-56.2274220801273,90.3594440179379,-0.622263922617377,0.539187680006538,-241.963919318401,129.509075158147,,,,
"h4_twfe","Country: PT",-34.59597601883,63.6643370774101,-0.543412177162301,0.591475233912939,-165.459895073129,96.2679430354694,,,,
"h4_twfe","Country: RO",-72.8536728386143,103.016853373573,-0.707201496190365,0.485732181986232,-284.60784762435,138.900501947122,,,,
"h4_twfe","Country: SE",12.260537800263,8.50147363834646,1.44216618457311,0.161194150277146,-5.21449153520451,29.7355671357304,,,,
"h4_twfe","Country: SI",-45.760258488074,51.7762135627979,-0.883808516290452,0.384899386302814,-152.187789687865,60.6672727117175,,,,
"h4_twfe","Country: SK",-35.5471912664557,72.630277470577,-0.489426620748572,0.628643536731243,-184.840864744027,113.746482211116,,,,
"h4_twfe","Year: 2023",-0.184635719502751,2.00623854571121,-0.0920307906043634,0.927379015029252,-4.30851811115221,3.9392466721467,,,,
"h4_twfe","Year: 2024",2.11711622317478,2.68212646898594,0.789342429469859,0.437051408197654,-3.39607369198908,7.63030613833864,,,,
"official_pooled","Intercept",-68.6429841003151,30.6445738426828,-2.23997189364425,0.0338603498903355,-131.633807768615,-5.65216043201527,,,,
"official_pooled","egov_official_sd",2.73729728169524,1.55190825965201,1.76382673696771,0.0895102863065514,-0.452695832092484,5.92729039548297,1,2.73729728169524,-0.452695832092484,5.92729039548297
"official_pooled","ln_real_gdp_per_capita",12.6800898105209,2.65520319016049,4.77556288630191,6.07759369557695e-05,7.2222414875675,18.1379381334742,0.562403742533335,7.13132996509574,4.06181564208749,10.200844288104
"official_pooled","unemployment_rate_pct",-1.56092735177437,0.535910662389748,-2.91266336223623,0.00726772035255023,-2.6625074947991,-0.459347208749639,2.29608967110995,-3.58402916976213,-6.11335595806103,-1.05470238146323
"official_pooled","hicp_inflation_pct",0.246031101179177,0.35161975847487,0.69970783850806,0.490323309063663,-0.476733663574414,0.968795865932769,4.42585138632412,1.08889709023271,-2.1099523458382,4.28774652630362
"official_pooled","Year: 2023",2.03672518253836,1.37315339827896,1.48324665335358,0.150030585611848,-0.785832051396532,4.85928241647326,,,,
"official_pooled","Year: 2024",5.80600348949332,2.79782179880444,2.07518702298136,0.0480018912152661,0.0549984179740477,11.5570085610126,,,,
"official_twfe","Intercept",491.378771426142,943.622411769093,0.520736647728523,0.606957039232703,-1448.26487492842,2431.0224177807,,,,
"official_twfe","egov_official_sd",-0.23208835271754,5.77344994531371,-0.0401992491345534,0.968241376519915,-12.099584677841,11.6354079724059,1,-0.23208835271754,-12.099584677841,11.6354079724059
"official_twfe","ln_real_gdp_per_capita",-37.9501116988458,87.5468245603531,-0.433483588804341,0.668238888545215,-217.905186842354,142.004963444663,0.562403742533335,-21.343284848989,-122.550692597566,79.8641228995878
"official_twfe","unemployment_rate_pct",-2.23651633911335,1.59777639771836,-1.39976804157773,0.173402163089382,-5.5207927609922,1.0477600827655,2.29608967110995,-5.13524206550679,-12.6762352348528,2.40575110383917
"official_twfe","hicp_inflation_pct",-0.575273241220842,0.251766926810214,-2.28494365208856,0.0307185930305961,-1.09278757095588,-0.0577589114858023,4.42585138632412,-2.54607387217243,-4.83651538587286,-0.25563235847201
"official_twfe","Country: BE",-7.54951075739839,2.15430983478469,-3.50437557100644,0.00167745901205359,-11.9777580427562,-3.1212634720406,,,,
"official_twfe","Country: BG",-78.8326076945932,121.416679060356,-0.649273298402483,0.521856571089228,-328.408165845409,170.742950456223,,,,
"official_twfe","Country: CY",-34.8644887128921,32.4467470997984,-1.07451414484347,0.292463489193001,-101.559732564728,31.8307551389437,,,,
"official_twfe","Country: CZ",-40.4184201510993,63.3328854877168,-0.638190094132666,0.528931489883235,-170.601030705299,89.7641904031005,,,,
"official_twfe","Country: DE",-7.49770800268084,6.54634451340354,-1.14532743996736,0.262507009139152,-20.9539118654801,5.9584958601184,,,,
"official_twfe","Country: DK",13.8684514600149,17.8033165520454,0.778981344260909,0.443023445026144,-22.7267898181925,50.4636927382222,,,,
"official_twfe","Country: EE",-39.8341613082071,68.2736162947353,-0.583448826501941,0.564618605461585,-180.172589484643,100.504266868229,,,,
"official_twfe","Country: EL",-57.1676175462794,68.2800745819199,-0.83725183219728,0.410081279674102,-197.519320922147,83.1840858295879,,,,
"official_twfe","Country: ES",-26.4957441617523,39.999635736735,-0.662399636240164,0.513544511926354,-108.716172953603,55.7246846300979,,,,
"official_twfe","Country: FI",-0.308056619646038,6.47432064085837,-0.0475813041606162,0.962413544011999,-13.6162132921436,13.0001000528515,,,,
"official_twfe","Country: FR",-11.6608475878071,13.0127072420756,-0.896112343948127,0.378414991676656,-38.4088504003347,15.0871552247205,,,,
"official_twfe","Country: HR",-69.1989321459637,84.2273347002306,-0.82157333355313,0.418790088344315,-242.330698160714,103.932833868787,,,,
"official_twfe","Country: HU",-45.655797792786,89.1374963756722,-0.512195200102642,0.612838066533079,-228.880545679903,137.568950094331,,,,
"official_twfe","Country: IE",19.2564461012958,59.9158304644487,0.321391624751352,0.750483086240055,-103.902307259114,142.415199461706,,,,
"official_twfe","Country: IT",-38.1358876935085,23.2045747939436,-1.64346418894355,0.112327111449132,-85.83357429365,9.561798906633,,,,
"official_twfe","Country: LT",-41.9639541225265,75.2476810005921,-0.557677706003941,0.581834787161799,-196.637777608852,112.709869363799,,,,
"official_twfe","Country: LU",39.4889429340406,68.0762293766422,0.580069479400246,0.566861307435593,-100.443750621452,179.421636489533,,,,
"official_twfe","Country: LV",-45.9998055607762,86.7412087204816,-0.530310866534127,0.600396817371107,-224.298913629192,132.29930250764,,,,
"official_twfe","Country: MT",-31.2983785623039,35.5730115813405,-0.879834941462228,0.387008827202929,-104.419751088933,41.8229939643253,,,,
"official_twfe","Country: NL",-3.34529417714441,6.77027240558545,-0.494115151760298,0.625373750506936,-17.2617884144568,10.571200060168,,,,
"official_twfe","Country: PL",-57.1447008545128,88.755052527578,-0.643847299135526,0.525313789002136,-239.583324153244,125.293922444218,,,,
"official_twfe","Country: PT",-38.1973615066986,62.8635150320911,-0.607623698534822,0.54870798739055,-167.415167271731,91.0204442583334,,,,
"official_twfe","Country: RO",-72.244422515887,101.042360381871,-0.71499143767874,0.480985741190122,-279.939968830784,135.45112379901,,,,
"official_twfe","Country: SE",9.15216814705786,8.62030382438918,1.06169902285392,0.298135171596261,-8.56712013401984,26.8714564281356,,,,
"official_twfe","Country: SI",-46.8550399550797,51.3920946784289,-0.911716874905791,0.370294085054097,-152.493003480112,58.7829235699527,,,,
"official_twfe","Country: SK",-44.2543413487474,72.7810172904783,-0.608047853633629,0.548430934672306,-193.857864963702,105.349182266207,,,,
"official_twfe","Year: 2023",-0.457456170019611,2.07793995710545,-0.220148887582316,0.827474649483114,-4.72872292358218,3.81381058354295,,,,
"official_twfe","Year: 2024",1.15321889954953,2.87072742813888,0.401716613094533,0.69117566614603,-4.74764583930947,7.05408363840853,,,,
"official_pt_check_pooled","Intercept",-68.7136463751406,30.5905148450066,-2.24624027164279,0.0334056542810441,-131.593350182293,-5.83394256798768,,,,
"official_pt_check_pooled","official_pt_source_check_sd",2.73703859923889,1.54965387544239,1.76622576345155,0.0890988525412726,-0.448320561439953,5.92239775991773,1,2.73703859923889,-0.448320561439953,5.92239775991773
"official_pt_check_pooled","ln_real_gdp_per_capita",12.6853693314376,2.65130806675528,4.78457011107057,5.93472053958841e-05,7.23552754931081,18.1352111135644,0.562403742533335,7.1342991874181,4.06928777293545,10.1993106019008
"official_pt_check_pooled","unemployment_rate_pct",-1.56065694476214,0.535608978243614,-2.91379907386895,0.00724791239516378,-2.66161696714332,-0.459696922380961,2.29608967110995,-3.58340829101436,-6.11131122670876,-1.05550535531996
"official_pt_check_pooled","hicp_inflation_pct",0.247088587958281,0.351188345369298,0.703578553264491,0.487948764920741,-0.474789394456591,0.968966570373152,4.42585138632412,1.09357736956003,-2.10134729966769,4.28850203878775
"official_pt_check_pooled","Year: 2023",2.04592238666987,1.37265729483877,1.49048301740179,0.148130269446646,-0.775615092039111,4.86745986537885,,,,
"official_pt_check_pooled","Year: 2024",5.81991646151556,2.7921245583456,2.08440430929915,0.0470896798401422,0.0806222354784447,11.5592106875527,,,,
"official_pt_check_twfe","Intercept",490.081357388819,941.714273903782,0.520414069287955,0.607178658158031,-1445.6400554106,2425.80277018824,,,,
"official_pt_check_twfe","official_pt_source_check_sd",-0.343691280384235,5.69543892531389,-0.0603450032370057,0.952342324435556,-12.0508336573595,11.363451096591,1,-0.343691280384235,-12.0508336573595,11.363451096591
"official_pt_check_twfe","ln_real_gdp_per_capita",-37.8202133327695,87.3634350087697,-0.432906665459904,0.66865262002259,-217.398325854259,141.75789918872,0.562403742533335,-21.2702295217587,-122.265632080917,79.7251730373993
"official_pt_check_twfe","unemployment_rate_pct",-2.24679504748207,1.59942102267008,-1.40475523057167,0.171929236540596,-5.53445204436471,1.04086194940056,2.29608967110995,-5.15884290162457,-12.7075981743191,2.38991237106999
"official_pt_check_twfe","hicp_inflation_pct",-0.576770342684412,0.252093376457093,-2.28792343055701,0.0305200817442322,-1.09495569927885,-0.0585849860899776,4.42585138632412,-2.55269982076044,-4.84611119961678,-0.259288441904107
"official_pt_check_twfe","Country: BE",-7.56004394734856,2.1614677279916,-3.49764368417068,0.00170639505908416,-12.0030044929118,-3.1170834017853,,,,
"official_pt_check_twfe","Country: BG",-78.7802673975639,121.280689921479,-0.649569749715053,0.521668042241855,-328.076295870081,170.515761074954,,,,
"official_pt_check_twfe","Country: CY",-35.0202622050735,32.5624007766294,-1.07548157905507,0.292038458318019,-101.953235594323,31.9127111841757,,,,
"official_pt_check_twfe","Country: CZ",-40.4669196840582,63.3249991579981,-0.639035455540897,0.528390041631809,-170.633319655358,89.699480287242,,,,
"official_pt_check_twfe","Country: DE",-7.63681653160688,6.57864458087382,-1.16084953940353,0.256250881663493,-21.1594141339614,5.88578107074766,,,,
"official_pt_check_twfe","Country: DK",13.8950015998704,17.8152656218586,0.77994916802261,0.442463517091277,-22.7248013431022,50.514804542843,,,,
"official_pt_check_twfe","Country: EE",-39.6013137363864,68.0157665278193,-0.582237262887994,0.565422139202678,-179.409724126179,100.207096653407,,,,
"official_pt_check_twfe","Country: EL",-57.1540071875679,68.2431009916411,-0.837506009502243,0.409941038395534,-197.429710260165,83.121695885029,,,,
"official_pt_check_twfe","Country: ES",-26.3518149409151,39.8713379721071,-0.660921260263454,0.514477013856572,-108.308523900661,55.6048940188304,,,,
"official_pt_check_twfe","Country: FI",-0.212310478353515,6.41657161031875,-0.0330878374383121,0.973857249452837,-13.4017623185238,12.9771413618168,,,,
"official_pt_check_twfe","Country: FR",-11.6841695957951,13.029321710719,-0.89675962073933,0.378075844086491,-38.4663239377267,15.0979847461365,,,,
"official_pt_check_twfe","Country: HR",-69.1906030122072,84.1656352092351,-0.822076644941846,0.418508739426359,-242.195543906867,103.814337882452,,,,
"official_pt_check_twfe","Country: HU",-45.6087273729768,89.0295878620828,-0.512287302100399,0.612774509757334,-228.61166613373,137.394211387777,,,,
"official_pt_check_twfe","Country: IE",19.101747674327,59.7317764609735,0.319792057194338,0.7516815828706,-103.678677263639,141.882172612294,,,,
"official_pt_check_twfe","Country: IT",-38.2251496246886,23.2716374092451,-1.64256381931694,0.112514621172607,-86.0606854048147,9.61038615543755,,,,
"official_pt_check_twfe","Country: LT",-41.7757846570285,75.0271202925807,-0.556809117744581,0.582419539475598,-195.996239115028,112.444669800971,,,,
"official_pt_check_twfe","Country: LU",39.4734756183252,68.0138206271924,0.580374330603969,0.566658807706894,-100.330934915445,179.277886152095,,,,
"official_pt_check_twfe","Country: LV",-45.8166283135588,86.517680821499,-0.529563759436484,0.600907510366446,-223.656268205258,132.02301157814,,,,
"official_pt_check_twfe","Country: MT",-31.1195944207104,35.3667088586783,-0.879912081869452,0.386967804954335,-103.816905627635,41.5777167862145,,,,
"official_pt_check_twfe","Country: NL",-3.31585429868755,6.79194830042473,-0.488203701209003,0.629497675267815,-17.276903975951,10.6451953785759,,,,
"official_pt_check_twfe","Country: PL",-57.1774098057713,88.7163095223426,-0.644497163076554,0.524899070067929,-239.536395716699,125.181576105157,,,,
"official_pt_check_twfe","Country: PT",-38.0775407415488,62.7771004646361,-0.606551440887252,0.549408698459995,-167.117718819249,90.9626373361519,,,,
"official_pt_check_twfe","Country: RO",-72.372853683717,101.093949254093,-0.71589698708686,0.480435725903052,-280.174442444174,135.42873507674,,,,
"official_pt_check_twfe","Country: SE",9.16055384327302,8.60755697164106,1.06424550815683,0.29700200489927,-8.53253290673088,26.8536405932769,,,,
"official_pt_check_twfe","Country: SI",-46.8677679859102,51.3632390225853,-0.912476877973011,0.369901510689655,-152.446417860885,58.7108818890643,,,,
"official_pt_check_twfe","Country: SK",-44.2765791585834,72.7550834160718,-0.60857024801105,0.548089813837661,-193.826794931237,105.27363661407,,,,
"official_pt_check_twfe","Year: 2023",-0.44542157369392,2.06450950460025,-0.215751767042685,0.83086489576034,-4.68908163675774,3.7982384893699,,,,
"official_pt_check_twfe","Year: 2024",1.18366696178703,2.84297337531291,0.416348240214085,0.680572203060887,-4.66014850444654,7.0274824280206,,,,
"national_pooled","Intercept",-73.7996879802115,45.3989803879301,-1.62558029606832,0.116100771699597,-167.118628651972,19.5192526915493,,,,
"national_pooled","dgri_sd",3.92807164596632,1.32935895322302,2.95486154167973,0.00656521715365951,1.19553518309293,6.66060810883971,1,3.92807164596632,1.19553518309293,6.66060810883971
"national_pooled","ln_real_gdp_per_capita",11.5968503141576,4.08406726568554,2.8395346011058,0.00865696140416474,3.20192982014332,19.991770808172,0.562403742533335,6.52211201828115,1.80077731417769,11.2434467223846
"national_pooled","unemployment_rate_pct",-0.952786641155313,0.517877001233563,-1.839793307843,0.0772432339498152,-2.01729806278699,0.111724780476367,2.29608967110995,-2.18768356552825,-4.63189724551532,0.256530114458813
"national_pooled","hicp_inflation_pct",-0.105774230213353,0.503397347917253,-0.210120753816008,0.835211354124524,-1.14052229819202,0.92897383776531,4.42585138632412,-0.468141023427134,-5.04778219458671,4.11150014773244
"national_pooled","Year: 2023",-3.0907830062219,2.47630579377255,-1.24814270272866,0.22310245724845,-8.18090246440328,1.99933645195948,,,,
"national_pooled","Year: 2024",-3.91146824218512,4.94832554056963,-0.790462998061936,0.436408474734273,-14.0828970628144,6.25996057844417,,,,
"national_twfe","Intercept",528.696854043468,1120.93511490844,0.471656964807151,0.641105812736077,-1775.41827345935,2832.81198154629,,,,
"national_twfe","dgri_sd",5.60639755471036,8.84595259881801,0.633781098426808,0.531760259067051,-12.5767184249995,23.7895135344202,1,5.60639755471036,-12.5767184249995,23.7895135344202
"national_twfe","ln_real_gdp_per_capita",-43.3196857539881,104.319091674177,-0.415261339595342,0.681357613566498,-257.750649702744,171.111278194767,0.562403742533335,-24.3631533934109,-144.959930033222,96.2336232463999
"national_twfe","unemployment_rate_pct",-3.70072238600957,2.39837209843723,-1.54301427556673,0.134912386908651,-8.63064683916698,1.22920206714783,2.29608967110995,-8.49719044616194,-19.816739062409,2.82235817008513
"national_twfe","hicp_inflation_pct",-0.554291763491115,0.34651230690964,-1.59963081379288,0.121763290269485,-1.26655801119593,0.157974484213705,4.42585138632412,-2.45321296987519,-5.60559752971145,0.699171589961062
"national_twfe","Country: BE",1.22220935898575,2.54073742703646,0.481045127284698,0.634508022951384,-4.00035121814945,6.44476993612095,,,,
"national_twfe","Country: BG",-77.6705277680112,140.962015533519,-0.551003243491095,0.586335619800543,-367.422100427594,212.081044891571,,,,
"national_twfe","Country: CY",-11.1920601839211,37.0788105900021,-0.301845178036506,0.765171337460659,-87.4086469015334,65.0245265336913,,,,
"national_twfe","Country: CZ",-44.9651457384564,74.0817253268667,-0.606966772710262,0.549137227301484,-197.242313013286,107.312021536373,,,,
"national_twfe","Country: DE",-3.69929216439368,8.96137005474657,-0.412804308023669,0.683134447895157,-22.1196521224979,14.7210677937106,,,,
"national_twfe","Country: DK",17.6717709128176,19.948616471792,0.885864487785709,0.38381086468637,-23.333197505147,58.6767393307822,,,,
"national_twfe","Country: EE",-32.5032684627606,81.0173442658846,-0.401189013997924,0.691559231154876,-199.036804641951,134.03026771643,,,,
"national_twfe","Country: EL",-23.7375807923597,82.2840930278246,-0.288483228275151,0.775264306224874,-192.874956343082,145.399794758362,,,,
"national_twfe","Country: ES",-10.9844610191757,50.3806875821275,-0.218029200202349,0.829108539944391,-114.543447483308,92.5745254449569,,,,
"national_twfe","Country: FI",16.0981482800288,10.8647848727174,1.48168127290333,0.150444242923383,-6.23473687036355,38.4310334304211,,,,
"national_twfe","Country: FR",-18.7152099744885,16.6275901458785,-1.12555155679776,0.27063836727605,-52.8937110130298,15.4632910640528,,,,
"national_twfe","Country: HR",-46.6742854118138,98.6062692916016,-0.473339938191832,0.639920825808629,-249.362374775448,156.01380395182,,,,
"national_twfe","Country: HU",-37.1460088327699,104.02907405616,-0.357073339062084,0.723918855497482,-250.980833029967,176.688815364427,,,,
"national_twfe","Country: IE",34.7024033383898,72.9697705038037,0.475572323974636,0.638350495310696,-115.289108063193,184.693914739973,,,,
"national_twfe","Country: IT",-8.21274406431485,28.0389314207205,-0.292905030547837,0.771919740749275,-65.8475930276945,49.4221048990648,,,,
"national_twfe","Country: LT",-38.4709090647586,89.3175275464361,-0.430720712065811,0.670221207778586,-222.065716323254,145.123898193736,,,,
"national_twfe","Country: LU",64.8230234746381,82.3137868854196,0.78751113182135,0.438103368918126,-104.375388674517,234.021435623794,,,,
"national_twfe","Country: LV",-45.8343289489967,102.191248950068,-0.448515204774452,0.657497124989262,-255.891449537544,164.222791639551,,,,
"national_twfe","Country: MT",-18.4707563748049,38.8958821828745,-0.4748769108247,0.638839487160901,-98.4223872436883,61.4808744940784,,,,
"national_twfe","Country: NL",-6.3904125342622,8.69565178078659,-0.734897474664531,0.468979171797031,-24.2645807578564,11.483755689332,,,,
"national_twfe","Country: PL",-52.9166023885055,104.618762176275,-0.505804133864102,0.617255852506348,-267.963547876217,162.130343099206,,,,
"national_twfe","Country: PT",-22.6369678924664,74.2703497067678,-0.304791454218824,0.762951461312947,-175.301858133029,130.027922348096,,,,
"national_twfe","Country: RO",-50.0336156427757,118.542315270588,-0.422073885840407,0.67644083634357,-293.700834406353,193.633603120802,,,,
"national_twfe","Country: SE",18.9576138686849,10.0975387794102,1.87744897868985,0.0717192760327997,-1.79817435023088,39.7134020876007,,,,
"national_twfe","Country: SI",-40.2881841249807,60.0280954208022,-0.671155462164125,0.50804082213414,-163.677701408103,83.1013331581417,,,,
"national_twfe","Country: SK",-41.8707676642882,85.6175227559278,-0.489044372185941,0.628910458781524,-217.860106152774,134.118570824197,,,,
"national_twfe","Year: 2023",-4.89611992535572,2.42347524536007,-2.02028881241091,0.053767322577067,-9.8776446360156,0.0854047853041582,,,,
"national_twfe","Year: 2024",-7.11497547418435,4.14708027188636,-1.71565897154626,0.0981196565492691,-15.6394210574618,1.40947010909315,,,,
"eu_pooled","Intercept",74.2528811000091,34.9889873079624,2.12217862856269,0.0435104687775493,2.33198766019059,146.173774539828,,,,
"eu_pooled","dgri_sd",5.05876593979214,1.81709086855212,2.78399172399289,0.0098761032257578,1.32368216679412,8.79384971279016,1,5.05876593979214,1.32368216679412,8.79384971279016
"eu_pooled","ln_real_gdp_per_capita",-1.6496296752325,3.14312135509208,-0.524838047554221,0.604142622797115,-8.11040814985135,4.81114879938635,0.562403742533335,-0.927757903144811,-4.56132389694927,2.70580809065964
"eu_pooled","unemployment_rate_pct",-0.635058441207304,0.509736719916961,-1.24585578474856,0.223927447668277,-1.68283727495387,0.412720392539266,2.29608967110995,-1.45815112740727,-3.8639452851804,0.947643030365851
"eu_pooled","hicp_inflation_pct",-0.0231980383982027,0.438437204610635,-0.0529107433270958,0.958207470330195,-0.924418619471651,0.878022542675246,4.42585138632412,-0.102671070404686,-4.09133942853244,3.88599728772307
"eu_pooled","Year: 2023",-1.35065939799037,1.96409951919052,-0.687673605534525,0.497747730084844,-5.38792378011079,2.68660498413005,,,,
"eu_pooled","Year: 2024",-1.63708130429313,3.68871205215721,-0.443808375700062,0.660852772455234,-9.21933751817903,5.94517490959277,,,,
"eu_twfe","Intercept",913.871922051789,803.618537328293,1.13719616908047,0.265828524491284,-737.989638865643,2565.73348296922,,,,
"eu_twfe","dgri_sd",-1.06084046776334,6.60295728125525,-0.160661416177097,0.873601881398082,-14.6334135414848,12.5117326059581,1,-1.06084046776334,-14.6334135414848,12.5117326059581
"eu_twfe","ln_real_gdp_per_capita",-79.5594859214266,74.7269930965619,-1.06466863745769,0.296814011283955,-233.163020092672,74.0440482498191,0.562403742533335,-44.7445526362385,-131.131755120494,41.6426498480171
"eu_twfe","unemployment_rate_pct",-2.99052502753741,1.56728745040143,-1.90808969137821,0.0674803348789904,-6.21213052065309,0.231080465578271,2.29608967110995,-6.86651362692443,-14.2636087240584,0.530581470209545
"eu_twfe","hicp_inflation_pct",-0.0621848365091182,0.235053835425972,-0.264555719316066,0.793437690878627,-0.545344914893121,0.420975241874885,4.42585138632412,-0.27522084487222,-2.41361554760453,1.86317385786009
"eu_twfe","Country: BE",6.58272314830045,1.95195535619747,3.3723738237149,0.00234224582088258,2.57042145071991,10.595024845881,,,,
"eu_twfe","Country: BG",-112.157234419896,101.593523370502,-1.10398016230689,0.279714663635932,-320.985712483417,96.6712436436241,,,,
"eu_twfe","Country: CY",-40.3377320946881,28.0726961314675,-1.43690267246802,0.162671342758588,-98.0419854149954,17.3665212256191,,,,
"eu_twfe","Country: CZ",-68.8887017105217,53.4372610248483,-1.28915106031517,0.208697385090579,-178.730564867541,40.9531614464974,,,,
"eu_twfe","Country: DE",-8.152277963698,6.74252107723801,-1.20908453534082,0.237510954150555,-22.0117285286308,5.70717260123478,,,,
"eu_twfe","Country: DK",43.689925965047,14.6306036779893,2.98620117984437,0.00608579789609228,13.6162893998233,73.7635625302707,,,,
"eu_twfe","Country: EE",-49.8406672718347,57.678528080349,-0.864111289428264,0.395429013022861,-168.400579718582,68.7192451749122,,,,
"eu_twfe","Country: EL",-58.4253368042669,59.3381017281583,-0.984617557735954,0.333886524798837,-180.396551739682,63.5458781311481,,,,
"eu_twfe","Country: ES",-14.9483529500845,35.7719960749506,-0.417878636650979,0.679466937510376,-88.4787439611628,58.5820380609937,,,,
"eu_twfe","Country: FI",19.1229933279813,7.76396067392977,2.46304613471234,0.0207142559495582,3.16394360225311,35.0820430537095,,,,
"eu_twfe","Country: FR",-19.3516298005601,12.0294873005939,-1.60868284050682,0.119762580349754,-44.0785950787115,5.37533547759122,,,,
"eu_twfe","Country: HR",-73.9541316527302,71.162131749818,-1.03923434886307,0.308264224144957,-220.229988381064,72.3217250756033,,,,
"eu_twfe","Country: HU",-76.6461038585717,74.7787594050424,-1.02497158910346,0.314818878577193,-230.356045200829,77.0638374836856,,,,
"eu_twfe","Country: IE",65.5032391612035,52.0195352168778,1.2592046216505,0.219144419649395,-41.4244468616084,172.430925184015,,,,
"eu_twfe","Country: IT",-19.8457909664803,20.6481583742264,-0.961140969901333,0.34533532345984,-62.288688358463,22.5971064255024,,,,
"eu_twfe","Country: LT",-39.8778759691736,63.7853898116114,-0.625188245881258,0.537296584489581,-170.990622482252,91.2348705439049,,,,
"eu_twfe","Country: LU",81.5727625338434,59.0540516702542,1.38132372338022,0.178936389826278,-39.8145791455015,202.960104213188,,,,
"eu_twfe","Country: LV",-64.8816078548639,73.1267837310709,-0.887248208446727,0.38307938624088,-215.195864567351,85.432648857623,,,,
"eu_twfe","Country: MT",-14.4534440085401,27.7114579951853,-0.52156923721052,0.606385207646682,-71.4151617053588,42.5082736882785,,,,
"eu_twfe","Country: NL",16.8209215868315,6.32230295674152,2.66056873609564,0.0131876877125048,3.82524173923043,29.8166014344326,,,,
"eu_twfe","Country: PL",-77.4640536577308,75.3695222309376,-1.02779016457575,0.3135159292303,-232.388325379872,77.4602180644099,,,,
"eu_twfe","Country: PT",-30.811524138001,53.2672578730251,-0.5784327064751,0.567949173734797,-140.303940811785,78.6808925357834,,,,
"eu_twfe","Country: RO",-91.6452971574995,86.0292538661143,-1.06528062303232,0.296542259098483,-268.480961063779,85.1903667487797,,,,
"eu_twfe","Country: SE",32.2529408752357,6.9963331984224,4.60997782131195,9.41106585839878e-05,17.871772023324,46.6341097271474,,,,
"eu_twfe","Country: SI",-54.6745422917495,43.3176521720546,-1.26217695443387,0.218090045027865,-143.7152515443,34.3661669608012,,,,
"eu_twfe","Country: SK",-68.3244985141769,61.8241778492694,-1.10514204783694,0.279220276456644,-195.405916103243,58.756919074889,,,,
"eu_twfe","Year: 2023",-0.455904334244224,1.60757087284007,-0.283598279831225,0.77896432178579,-3.7603135880718,2.84850491958335,,,,
"eu_twfe","Year: 2024",1.29754708609744,2.60712351831618,0.497692985001135,0.622883799505311,-4.06147205597964,6.65656622817452,,,,
"commission_pooled","Intercept",37.7675150087603,24.1821527134105,1.5617929245735,0.13042776526601,-11.9396117834126,87.4746418009331,,,,
"commission_pooled","dgri_sd",4.52071113643973,1.82834052148688,2.47257613300793,0.0202747178994659,0.762503370659791,8.27891890221968,1,4.52071113643973,0.762503370659791,8.27891890221968
"commission_pooled","ln_real_gdp_per_capita",2.18785440857975,2.21304014915427,0.988619392836529,0.331961088090286,-2.36111476690546,6.73682358406496,0.562403742533335,1.23045750750331,-1.32789978145835,3.78881479646497
"commission_pooled","unemployment_rate_pct",-1.09024889579915,0.587921996851604,-1.85441079197167,0.0750567437311148,-2.29873986795332,0.118242076355027,2.29608967110995,-2.50330922858345,-5.27811286737626,0.271494410209371
"commission_pooled","hicp_inflation_pct",-0.019950557491228,0.449224934451979,-0.0444110643937568,0.964916078344282,-0.943345634829685,0.903444519847229,4.42585138632412,-0.0882982025304905,-4.17510758569377,3.99851118063279
"commission_pooled","Year: 2023",-2.79021392359536,1.86233708135658,-1.49823249052362,0.146116836390129,-6.61830261900005,1.03787477180933,,,,
"commission_pooled","Year: 2024",-2.14434866999306,3.55125914553269,-0.603827707896382,0.551190732140349,-9.44406638788523,5.15536904789911,,,,
"commission_twfe","Intercept",856.735338042108,727.387209068571,1.17782568535838,0.249534975564629,-638.430483490617,2351.90115957483,,,,
"commission_twfe","dgri_sd",-1.71455271821065,5.19564109650749,-0.329998297873803,0.744045432404684,-12.3943459447045,8.96524050828324,1,-1.71455271821065,-12.3943459447045,8.96524050828324
"commission_twfe","ln_real_gdp_per_capita",-73.5533717204571,67.5283873241206,-1.08922150572644,0.286049378280076,-212.359959809265,65.253216368351,0.562403742533335,-41.3666915315307,-119.432036160959,36.6986530978981
"commission_twfe","unemployment_rate_pct",-3.90030819983495,1.36630254891375,-2.85464460483941,0.00835077389050389,-6.70878331121995,-1.09183308844996,2.29608967110995,-8.95545737178646,-15.4039680666069,-2.50694667696601
"commission_twfe","hicp_inflation_pct",-0.000619016896756364,0.248600608255539,-0.00249000555992232,0.998032272153901,-0.511624885630542,0.510386851837029,4.42585138632412,-0.00273967679066721,-2.26437570934585,2.25889635576452
"commission_twfe","Country: BE",10.5259795631477,1.63000690170575,6.45762883097771,7.64197892299519e-07,7.17545239150046,13.8765067347949,,,,
"commission_twfe","Country: BG",-111.900915368991,92.7404529838145,-1.20660307092225,0.238449367140694,-302.531646630297,78.7298158923152,,,,
"commission_twfe","Country: CY",-41.0759599343467,25.5320034864889,-1.60880284839705,0.119736239895635,-93.5577447283571,11.4058248596637,,,,
"commission_twfe","Country: CZ",-72.4375288989145,49.3511639290432,-1.4677977808804,0.154153398714975,-173.880299186353,29.0052413885241,,,,
"commission_twfe","Country: DE",-12.0136078026764,5.79177395102021,-2.0742535714054,0.0480951431736031,-23.9187696609634,-0.108445944389423,,,,
"commission_twfe","Country: DK",42.2411289443604,13.5388187828073,3.12000105932443,0.00438954533442034,14.4116883718488,70.070569516872,,,,
"commission_twfe","Country: EE",-50.8115067086705,51.5026103974366,-0.986581191061329,0.332940794440831,-156.676638547556,55.0536251302148,,,,
"commission_twfe","Country: EL",-56.9777775234911,52.7481232314601,-1.08018587265126,0.289977944271472,-165.403097658919,51.4475426119371,,,,
"commission_twfe","Country: ES",-13.2752566907976,30.4963984170917,-0.435305720670199,0.666932876385202,-75.9615014097115,49.4109880281163,,,,
"commission_twfe","Country: FI",22.2229757106496,6.10719082502034,3.63882124324739,0.00119018462877608,9.6694651824106,34.7764862388885,,,,
"commission_twfe","Country: FR",-15.9434430241118,10.4411701660894,-1.52697856375261,0.138841084081118,-37.4055756743882,5.51868962616467,,,,
"commission_twfe","Country: HR",-67.6965288974616,64.7383918576025,-1.04569370592902,0.305327381276159,-200.768199171162,65.3751413762384,,,,
"commission_twfe","Country: HU",-72.366181288347,68.3700404543463,-1.05844871243961,0.29958597122326,-212.90281216346,68.170449586766,,,,
"commission_twfe","Country: IE",56.5402488778036,46.5319654939847,1.21508404550658,0.235253539186851,-39.1075760329962,152.188073788603,,,,
"commission_twfe","Country: IT",-15.3989334647408,18.4469251678616,-0.834769660776256,0.411452393711544,-53.3171311997225,22.5192642702408,,,,
"commission_twfe","Country: LT",-40.6397526140649,57.2066601158235,-0.710402469428973,0.483778575805803,-158.229726568577,76.9502213404473,,,,
"commission_twfe","Country: LU",79.128151877203,53.6689189223502,1.47437573675907,0.152386939200465,-31.1898909078255,189.446194662231,,,,
"commission_twfe","Country: LV",-63.9052196417856,65.791163274511,-0.971334392966174,0.340332126088231,-199.140892555103,71.3304532715316,,,,
"commission_twfe","Country: MT",-14.780421037028,24.998340120557,-0.591256098034828,0.559454655511831,-66.1652450720401,36.6044029979841,,,,
"commission_twfe","Country: NL",17.4839714115823,5.46895142170637,3.19695130993267,0.00363007251243707,6.24238076575711,28.7255620574076,,,,
"commission_twfe","Country: PL",-80.5377500879968,69.1670824437409,-1.16439420664453,0.254837710413898,-222.712724236145,61.6372240601513,,,,
"commission_twfe","Country: PT",-32.8848316600863,47.8813484389043,-0.686798361621889,0.498290165867545,-131.306352938171,65.5366896179985,,,,
"commission_twfe","Country: RO",-88.9679803964736,78.7328684771541,-1.1299979553303,0.268794365956506,-250.805709340061,72.8697485471141,,,,
"commission_twfe","Country: SE",33.9357011310389,6.63911739629635,5.11147779220925,2.50465379361928e-05,20.2887998763457,47.582602385732,,,,
"commission_twfe","Country: SI",-52.6905222555231,39.7267704102441,-1.32632282240431,0.196266345524254,-134.350068335987,28.9690238249403,,,,
"commission_twfe","Country: SK",-67.0983590462397,56.3442119772437,-1.19086516061915,0.244465509746317,-182.915545462598,48.7188273701191,,,,
"commission_twfe","Year: 2023",-1.66352160025696,1.77297347446992,-0.938266490847706,0.356742504812042,-5.30792077096281,1.9808775704489,,,,
"commission_twfe","Year: 2024",1.28632842984473,2.66908411969228,0.481936264336634,0.633883334927895,-4.20005255239695,6.7727094120864,,,,
