"survey_year","country_iso2","user_centricity","transparency","key_enablers","egov_official_score","egov_reference_end_year","egov_reference_start_year","rule_of_law","country_name_en","wjp_index_year","trust_local_authorities_pct","trust_national_government_pct","trust_european_union_pct","trust_european_commission_pct","trust_wave","trust_wave_season","trust_eu_window_start","trust_eu_window_end","real_gdp_per_capita_eur","real_gdp_per_capita_eur_status","unemployment_rate_pct","unemployment_rate_pct_status","hicp_inflation_pct","hicp_inflation_pct_status","ln_real_gdp_per_capita","z_user_centricity","z_key_enablers","z_transparency","z_rule_of_law","efficiency_conditions","legitimacy_conditions","dgri_raw","dgri_sd","dgri_0_100","egov_only_raw","egov_only_sd","egov_official_sd","efficiency_x_legitimacy","mean_conditions","signed_gap_descriptive","gap_positive","gap_negative"
2022,"AT",92.0424184868629,68.3590615733473,80.4769400352734,76.2961592566751,2021,2020,0.812422225677191,"Austria",2021,69,39,44,46,"EB97","Summer 2022","2022-06-17","2022-07-17",46430,"",4.8,"",8.6,"",10.745701081014,0.0708703047135131,0.375678481922723,0.22688935666165,0.857726776783859,0.223274393318118,0.542308066722754,0.382791230020436,0.452225104767391,74.5981454037278,0.224479381099295,0.241628580441629,0.251944514354827,0.121083504589044,0.382791230020436,-0.319033673404636,0,0.319033673404636
2022,"BE",92.4488536155203,63.3589065255732,78.6873897707231,74.1010940255732,2021,2020,0.791766585949876,"Belgium",2021,60,40,55,60,"EB97","Summer 2022","2022-06-17","2022-07-17",43890,"",5.6,"",10.3,"",10.6894417826823,0.136470966918594,0.264478579064758,-0.0957216922999145,0.650407888589656,0.200474772991676,0.277343098144871,0.238908935568274,0.282244236398677,70.4042848875806,0.101742617894479,0.109515289163167,0.0749186904318297,0.0556002946414012,0.238908935568274,-0.0768683251531947,0,0.0768683251531947
2022,"BG",82.52455774678,50.8079491055682,65.5735780423281,61.3569224582369,2021,2020,0.541395467987182,"Bulgaria",2021,47,19,49,45,"EB97","Summer 2022","2022-06-17","2022-07-17",10740,"",4.2,"",13,"",9.28173036806286,-1.46536001422522,-0.550393525498141,-0.905512088808172,-1.86254559516635,-1.00787676986168,-1.38402884198726,-1.19595280592447,-1.41288472812498,28.5811403047892,-0.973755209510511,-1.04814565961223,-0.95286282601594,1.39493051865752,-1.19595280592447,0.376152072125582,0.376152072125582,0
2022,"CY",71.049517052785,30.5687095825985,42.5488425925926,50.2153784181051,2021,2020,0.682981042300837,"Cyprus",2021,52,33,42,38,"EB97","Summer 2022","2022-06-17","2022-07-17",28850,"",6.3,"",8.1,"",10.2698652719362,-3.31748896489709,-1.98111519678038,-2.21135205383011,-0.441463302942417,-2.64930208083873,-1.32640767838626,-1.9878548796125,-2.34842862295236,5.49889205360168,-2.50331873850253,-2.69456085550119,-1.85139694952741,3.5140546223892,-1.9878548796125,-1.32289440245247,0,1.32289440245247
2022,"CZ",85.2629009079626,54.3988242210464,59.0551036155203,62.6224942231694,2021,2020,0.728169329006638,"Czechia",2021,57,30,43,41,"EB97","Summer 2022","2022-06-17","2022-07-17",21910,"",2.2,"",14.8,"",9.99469843258951,-1.02337773451489,-0.955441507330222,-0.673828075687392,0.0120876634243511,-0.989409620922555,-0.330870206131521,-0.660139913527038,-0.779881612073409,44.1989377691973,-0.884215772510834,-0.951765818622714,-0.850798030288492,0.327366165223155,-0.660139913527038,-0.658539414791034,0,0.658539414791034
2022,"DE",90.4898916530008,49.0680552056213,60.1715362070754,63.2301964939376,2021,2020,0.839534019768317,"Germany",2021,69,49,49,48,"EB97","Summer 2022","2022-06-17","2022-07-17",44230,"p",3.1,"",8.7,"",10.6971585708624,-0.179715289914985,-0.886068102074351,-1.01777040695644,1.12984553379769,-0.532891695994668,0.0560375634206249,-0.238427066287021,-0.281674961637114,56.4909634553731,-0.694517932981924,-0.747575930652828,-0.80178855500806,-0.0298619522106256,-0.238427066287021,-0.588929259415293,0,0.588929259415293
2022,"DK",97.506564765824,75.8877131099353,93.9313271604938,84.3010882079169,2021,2020,0.89940450194373,"Denmark",2021,74,52,65,71,"EB97","Summer 2022","2022-06-17","2022-07-17",56530,"",4.5,"",8.5,"",10.9425267496693,0.952810838420371,1.21171341817189,0.712639527662045,1.73076043956279,1.08226212829613,1.22169998361242,1.15198105595427,1.36093701439074,97.0183803095491,0.959054594751436,1.03232198503481,0.897519471745611,1.32219962440372,1.15198105595427,-0.139437855316286,0,0.139437855316286
2022,"EE",95.5090241034685,86.4944822373394,93.4810515873016,89.980597153985,2021,2020,0.806700414882827,"Estonia",2021,50,39,48,46,"EB97","Summer 2022","2022-06-17","2022-07-17",22370,"",5.6,"",19.4,"",10.0154760544842,0.630397786514688,1.18373398613796,1.39699048910038,0.800297451524256,0.907065886326323,1.09864397031232,1.00285492831932,1.18476114252013,92.6716732946558,1.07037408725101,1.1521457782778,1.35555586009978,0.996542466688414,1.00285492831932,-0.191578083985995,0,0.191578083985995
2022,"EL",85.5440917107584,48.7545351473923,46.3675925925926,52.323190665155,2021,2020,0.607319532850431,"Greece",2021,31,22,37,31,"EB97","Summer 2022","2022-06-17","2022-07-17",18160,"p",12.5,"",9.3,"",9.80697665215529,-0.977992132806896,-1.74382394128967,-1.03799878665454,-1.20087139804054,-1.36090803704828,-1.11943509234754,-1.24017156469791,-1.46512425518503,27.2922582557569,-1.25327162025037,-1.34901584736162,-1.68140783283877,1.52344821412965,-1.24017156469791,-0.241472944700746,0,0.241472944700746
2022,"ES",95.4839436554349,72.3945898697361,79.065888416327,78.8486633557449,2021,2020,0.728915391459555,"Spain",2021,43,23,50,40,"EB97","Summer 2022","2022-06-17","2022-07-17",26820,"",13,"d",8.3,"",10.1969031568357,0.626349676783513,0.287997903141193,0.487262485969235,0.0195758284148378,0.457173789962353,0.253419157192036,0.355296473577195,0.419743119450133,73.7967321799018,0.46720335529798,0.502895557558053,0.457796775509639,0.115856596542548,0.355296473577195,0.203754632770317,0.203754632770317,0
2022,"FI",98.716049382716,70.533215755438,92.6122685185185,84.5348278586126,2021,2020,0.877783445188427,"Finland",2021,64,68,60,62,"EB97","Summer 2022","2022-06-17","2022-07-17",44010,"",6.8,"",7.2,"",10.6921721598051,1.14802770379587,1.12974914158396,0.367166238995666,1.51375174328089,1.13888842268991,0.94045899113828,1.0396737069141,1.22825841910753,93.7448617810455,0.881647694791831,0.949001551496407,0.916369915760479,1.07107785702202,1.0396737069141,0.198429431551633,0.198429431551633,0
2022,"FR",93.6237605330198,64.9474206349206,74.7053718400941,69.6871938075642,2021,2020,0.720766805007617,"France",2021,60,23,34,35,"EB97","Summer 2022","2022-06-17","2022-07-17",37280,"",7.3,"d",5.9,"",10.5262122687995,0.326106818701174,0.0170421053114475,0.00676957011302989,-0.0622108364317665,0.171574462006311,-0.0277206331593683,0.0719269144234712,0.0849736197169741,65.5371168454525,0.116639498041884,0.12555022290808,-0.281049921222907,-0.00475615272079291,0.0719269144234712,0.199295095165679,0.199295095165679,0
2022,"HR",87.7912992357437,51.3689846308894,57.0482032627866,60.6376321439069,2021,2020,0.608112787225724,"Croatia",2021,30,20,42,46,"EB97","Summer 2022","2022-06-17","2022-07-17",15900,"",6.8,"",10.7,"",9.67407438820832,-0.615281600776184,-1.08014721059567,-0.869313959430332,-1.19290957176394,-0.847714405685925,-1.03111176559713,-0.939413085641529,-1.10981168782633,36.0587233376048,-0.85491425693406,-0.920225801098912,-1.01087156248988,0.874088297568939,-0.939413085641529,0.183397359911209,0.183397359911209,0
2022,"HU",91.5213962951436,49.7671957671958,83.9690035273369,66.1755100085302,2021,2020,0.52036228791054,"Hungary",2021,63,48,56,61,"EB97","Summer 2022","2022-06-17","2022-07-17",16160,"",3.6,"",15.3,"",9.69029433207509,-0.0132252824795608,0.592669939935161,-0.972661711768771,-2.07365382353613,0.2897223287278,-1.52315776765245,-0.616717719462326,-0.728583137290964,45.4646016641598,-0.131072351437724,-0.141085680377185,-0.564257321655812,-0.441292815464105,-0.616717719462326,1.81288009638025,1.81288009638025,0
2022,"IE",90.9278855575152,71.2433967414126,50.0147707231041,70.6757570826684,2021,2020,0.808394215905017,"Ireland",2021,65,46,58,58,"EB97","Summer 2022","2022-06-17","2022-07-17",91760,"",4.5,"",8.1,"",11.4269317518033,-0.109020883472193,-1.51719389805895,0.412987264673625,0.817297987425271,-0.813107390765574,0.615142626049448,-0.0989823823580629,-0.116936634701927,60.5554771354126,-0.404409172285841,-0.435304185794143,-0.20132507942971,-0.50017701561575,-0.0989823823580629,-1.42825001681502,0,1.42825001681502
2022,"IT",90.5896892436853,49.2953199798438,61.7768471497638,60.8543632535766,2021,2020,0.658969355989262,"Italy",2021,37,33,46,49,"EB97","Summer 2022","2022-06-17","2022-07-17",32310,"",8.1,"",8.7,"",10.3831320588185,-0.16360745972569,-0.786316547496676,-1.00310723621405,-0.682466543486,-0.474962003611183,-0.842786889850024,-0.658874446730604,-0.778386604325801,44.2358234141772,-0.651010414478805,-0.700744636469081,-0.99339280936884,0.400291749820405,-0.658874446730604,0.367824886238841,0.367824886238841,0
2022,"LT",93.2417107583774,75.3375220458554,93.7183090828924,83.4256586199295,2021,2020,0.751585402725868,"Lithuania",2021,48,36,69,69,"EB97","Summer 2022","2022-06-17","2022-07-17",19350,"",6,"",18.9,"",9.87044769845793,0.264442074576731,1.19847680224358,0.677141085190521,0.247112791352224,0.731459438410154,0.462126938271372,0.596793188340763,0.705044528077245,80.8358438418507,0.713353320670276,0.767850255924561,0.826918542942118,0.338027110742182,0.596793188340763,0.269332500138782,0.269332500138782,0
2022,"LU",94.464775622183,88.291761148904,75.5600970017637,87.1138806654349,2021,2020,0.827770636373948,"Luxembourg",2021,82,70,60,66,"EB97","Summer 2022","2022-06-17","2022-07-17",104100,"",4.6,"",8.2,"",11.5531072546031,0.461850859714143,0.070153413124756,1.51295130019453,1.01177746140109,0.266002136419449,1.26236438079781,0.764183258608627,0.902797209244639,85.7149056413891,0.681651857677808,0.733726945964949,1.1243632553659,0.335791622232032,0.764183258608627,-0.996362244378356,0,0.996362244378356
2022,"LV",92.9334901038605,72.3317166372722,87.2252314814815,80.1702286032726,2021,2020,0.714400654395752,"Latvia",2021,50,30,56,49,"EB97","Summer 2022","2022-06-17","2022-07-17",16890,"",6.9,"",17.2,"",9.73447700980185,0.214693719634109,0.795006940106133,0.483205891867057,-0.126107345295802,0.504850329870121,0.178549273285627,0.341699801577874,0.403680169368826,73.4004183313767,0.497635517202433,0.53565259762442,0.564377287786328,0.0901406595163194,0.341699801577874,0.326301056584494,0.326301056584494,0
2022,"MT",99.3827160493827,97.9491475602587,93.9896825396825,95.468310920047,2021,2020,0.681125328667859,"Malta",2021,66,63,71,72,"EB97","Summer 2022","2022-06-17","2022-07-17",31390,"",3.5,"",6.1,"",10.354244649836,1.25563103756247,1.21533953174108,2.13604789032551,-0.460088941861122,1.23548528465177,0.837979474232195,1.03673237944198,1.22478356905896,93.6591283890578,1.53567281987635,1.65299120869093,1.79812450777637,1.03531130925411,1.03673237944198,0.397505810419579,0.397505810419579,0
2022,"NL",95.1672349598276,81.4411690602167,85.0527777777778,85.058813967974,2021,2020,0.83331339606336,"Netherlands",2021,59,38,52,59,"EB97","Summer 2022","2022-06-17","2022-07-17",51480,"p",3.5,"",11.6,"",10.8489486617101,0.575231309563185,0.660014006070838,1.07094966652057,1.06740966604382,0.617622657817012,1.0691796662822,0.843401162049603,0.996384318544755,88.0239377476538,0.768731660718199,0.827459248195768,0.95862791858409,0.660349587173115,0.843401162049603,-0.451557008465183,0,0.451557008465183
2022,"PL",84.6915931804821,42.2140337616528,61.2282627865961,54.9292506508776,2021,2020,0.641268350581044,"Poland",2021,52,26,64,60,"EB97","Summer 2022","2022-06-17","2022-07-17",15840,"b",2.9,"",13.2,"",9.67029366536842,-1.11558965864018,-0.820404736636743,-1.45999330335004,-0.860130019882639,-0.967997197638462,-1.16006166161634,-1.0640294296274,-1.25703198650384,32.4264239869525,-1.13199589954232,-1.21847521555294,-1.47123644037691,1.12293643753243,-1.0640294296274,0.192064463977876,0.192064463977876,0
2022,"PT",95.3781305114638,70.3236401556507,86.8587962962963,78.3793392717169,2021,2020,0.699813123699952,"Portugal",2021,53,45,68,61,"EB97","Summer 2022","2022-06-17","2022-07-17",21690,"",6.2,"",8.1,"",9.98460660382092,0.6092709062121,0.772237220918293,0.353644377485751,-0.272521142460978,0.690754063565197,0.0405616175123861,0.365657840538791,0.431983917807742,74.0987438204515,0.578384168205381,0.62257007672148,0.419947110959922,0.0280181021214579,0.365657840538791,0.650192446052811,0.650192446052811,0
2022,"RO",72.931569664903,41.0241594580219,23.6400977366255,41.8052434579799,2021,2020,0.627384214581844,"Romania",2021,38,27,54,55,"EB97","Summer 2022","2022-06-17","2022-07-17",12690,"",5.6,"",12,"",9.44856956070843,-3.01371626181505,-3.15607553894098,-1.53676424216276,-0.999483904675895,-3.08489590037801,-1.26812407341933,-2.17650998689867,-2.57130357140098,0,-2.56885201430626,-2.76510057423438,-2.52965062942939,3.91203075526194,-2.17650998689867,-1.81677182695869,0,1.81677182695869
2022,"SE",93.636684303351,63.4956643151088,75.730753968254,73.6139237948266,2021,2020,0.861795187425411,"Sweden",2021,62,53,61,68,"EB97","Summer 2022","2022-06-17","2022-07-17",48390,"",7.5,"",8.1,"",10.7870484597874,0.328192779859878,0.0807577747186592,-0.0868980511299519,1.35327896841895,0.204475277289268,0.6331904586445,0.418832867966884,0.494804276436111,75.648681905779,0.107350834482862,0.115551947881771,0.0356297844500327,0.129471794608253,0.418832867966884,-0.428715181355231,0,0.428715181355231
2022,"SI",89.5343005514963,62.3105316200554,64.9365740740741,66.5784534132583,2021,2020,0.682521958734145,"Slovenia",2021,44,37,44,48,"EB97","Summer 2022","2022-06-17","2022-07-17",24660,"",4,"",9.3,"",10.1129377767183,-0.333952472274358,-0.58997597299524,-0.163363060366016,-0.446071085412061,-0.461964222634799,-0.304717072889039,-0.383340647761919,-0.452874180493838,52.2670431327575,-0.362430501878538,-0.390118536717283,-0.531761071792417,0.140768385700736,-0.383340647761919,-0.15724714974576,0,0.15724714974576
2022,"SK",85.3536241657157,44.0871336188796,67.6770502645503,59.840794604879,2021,2020,0.663303002715407,"Slovak Republic",2021,51,18,44,48,"EB97","Summer 2022","2022-06-17","2022-07-17",18360,"",6.1,"",12.1,"",9.81792966417448,-1.0087345470383,-0.419686994695934,-1.33914050899145,-0.638970102177396,-0.714210770867117,-0.989055305584421,-0.851633038225769,-1.00610936126844,38.6173235904307,-0.922520683575227,-0.992997049923811,-1.07513426406271,0.706393952231661,-0.851633038225769,0.274844534717304,0.274844534717304,0
2023,"AT",92.7940025223976,71.0702398718272,81.54360670194,77.7528661541117,2022,2021,0.802697464515259,"Austria",2022,66,38,43,45,"EB99","Spring 2023","2023-05-31","2023-06-21",45670,"",5.1,"",7.7,"",10.729196906179,0.192179726457437,0.441959509097432,0.401815147249642,0.760120181265068,0.317069617777434,0.580967664257355,0.449018641017395,0.53046539745898,76.5285324963463,0.345318127601503,0.371698855211136,0.369423819789214,0.184207195247128,0.449018641017395,-0.263898046479921,0,0.263898046479921
2023,"BE",92.9210433491135,65.5108339632149,80.0664572310406,77.4849782566535,2022,2021,0.791336903264229,"Belgium",2022,63,40,49,55,"EB99","Spring 2023","2023-05-31","2023-06-21",44190,"",5.5,"",2.3,"",10.6962537981248,0.212684751176089,0.3501717113895,0.0431211158357684,0.646095200246877,0.281428231282795,0.344608158041323,0.313018194662059,0.369796052714143,72.5644109599215,0.201992526133786,0.217423832471883,0.347819415922486,0.0969824644031912,0.313018194662059,-0.0631799267585281,0,0.0631799267585281
2023,"BG",82.5724573780129,51.2216763248509,65.6883928571429,62.5792405465272,2022,2021,0.546905538153294,"Bulgaria",2022,43,14,48,44,"EB99","Spring 2023","2023-05-31","2023-06-21",10950,"",4.3,"",8.6,"",9.30109473524465,-1.45762877421493,-0.543259109378641,-0.87881832213064,-1.80724149247135,-1.00044394179679,-1.343029907301,-1.17173692454889,-1.38427636765778,29.286981347646,-0.959902068574738,-1.03323420198714,-0.854286317395763,1.34362613441118,-1.17173692454889,0.342585965504209,0.342585965504209,0
2023,"CY",72.0850595382186,31.8748495282887,50.5550595238095,53.3724590787961,2022,2021,0.682927102339899,"Cyprus",2022,50,36,39,39,"EB99","Spring 2023","2023-05-31","2023-06-21",29320,"",5.8,"",3.9,"",10.2860251560006,-3.15034722936269,-1.48362118241981,-2.12707963148647,-0.442004693714068,-2.31698420589125,-1.28454216260027,-1.80076318424576,-2.12740067115258,10.9522140004411,-2.25368268108966,-2.42585374358593,-1.59678729272481,2.97626390254621,-1.80076318424576,-1.03244204329099,0,1.03244204329099
2023,"CZ",85.3909824286367,57.3141261442849,59.1964726631393,63.788722028592,2022,2021,0.731704906218045,"Czechia",2022,63,29,43,42,"EB99","Spring 2023","2023-05-31","2023-06-21",21680,"",2.6,"",12,"",9.98414545555358,-1.00270473658724,-0.946657051998753,-0.485732186158067,0.0475739493138334,-0.974680894292998,-0.219079118422117,-0.596880006357558,-0.705147093872022,46.0428284851701,-0.811697991581354,-0.873708010475888,-0.756745044886687,0.21353223106459,-0.596880006357557,-0.755601775870882,0,0.755601775870882
2023,"DE",91.2923721340388,49.2231110551216,60.3678060892973,65.1136105691735,2022,2021,0.834259900011683,"Germany",2022,66,38,43,44,"EB99","Spring 2023","2023-05-31","2023-06-21",43450,"p",3.1,"",6,"",10.6793661306935,-0.0501909273515195,-0.873872193264545,-1.00776617113235,1.07690964516953,-0.462031560308032,0.03457173701859,-0.213729911644721,-0.252498030532986,57.2108325824947,-0.643943097249472,-0.693137408485416,-0.649896518392169,-0.0159732335972581,-0.213729911644721,-0.496603297326622,0,0.496603297326622
2023,"DK",97.909856946894,78.0186025027295,94.0885141093474,85.1166772521766,2022,2021,0.901821668453251,"Denmark",2022,74,56,73,71,"EB99","Spring 2023","2023-05-31","2023-06-21",56470,"",5.1,"b",3.4,"",10.9414648026669,1.01790421316807,1.22148077357359,0.850124956746175,1.75502133295315,1.11969249337083,1.30257314484966,1.21113281911025,1.43081821905929,98.7425274320624,1.02983664782928,1.10851146365057,0.963294429362775,1.4584813723546,1.21113281911025,-0.182880651478835,0,0.182880651478835
2023,"EE",95.7250734861846,86.7250188964475,94.3230158730159,91.7627215083564,2022,2021,0.816574826147566,"Estonia",2022,53,38,48,42,"EB99","Spring 2023","2023-05-31","2023-06-21",21210,"",6.4,"",9.1,"",9.96222804755873,0.66526923727238,1.23605235273317,1.41186476253958,0.899406072317582,0.950660795002777,1.15563541742858,1.05314810621568,1.24417691764657,94.1376116424851,1.10439545084838,1.18876621865171,1.49927916622105,1.09861728466602,1.05314810621568,-0.204974622425801,0,0.204974622425801
2023,"EL",92.5135214579659,52.4352481733434,58.600639329806,60.3510868081801,2022,2021,0.613401221037356,"Greece",2022,37,28,40,37,"EB99","Spring 2023","2023-05-31","2023-06-21",18600,"p",11.1,"",4.2,"",9.83091685970129,0.146908680070561,-0.983681219522124,-0.800518412769495,-1.13983001419079,-0.418386269725781,-0.970174213480143,-0.694280241602962,-0.820214598385827,43.203820375003,-0.545763650740353,-0.587457500725648,-1.03398063616551,0.405907570162101,-0.694280241602962,0.551787943754361,0.551787943754361,0
2023,"ES",97.502173128294,72.6844193817878,81.2008461811093,79.4869059690941,2022,2021,0.726748024954365,"Spain",2022,45,27,48,42,"EB99","Spring 2023","2023-05-31","2023-06-21",27150,"p",12.2,"d",3.4,"",10.2091323253621,0.952102006161982,0.420660897164059,0.505962346675484,-0.00217784371041451,0.68638145166302,0.251892251482535,0.469136851572778,0.554232817302049,77.1149352168826,0.626241750000508,0.674083759162588,0.509269243338849,0.172894169235249,0.469136851572778,0.434489200180486,0.434489200180486,0
2023,"FI",99.1111111111111,71.5418661291677,92.625,85.9975697068951,2022,2021,0.87079644435271,"Finland",2022,67,55,57,60,"EB99","Spring 2023","2023-05-31","2023-06-21",43280,"",7.2,"",4.3,"",10.6754459135204,1.21179264232423,1.13054025627463,0.432244571966417,1.4436238138536,1.17116644929943,0.937934192910007,1.05455032110472,1.2458334779995,94.1784832012873,0.92485915685509,0.995514171880611,1.0343359229706,1.09847705838694,1.05455032110472,0.233232256389419,0.233232256389419,0
2023,"FR",93.3217323143249,64.897266313933,74.5995737801293,69.6749363119733,2022,2021,0.730795539876343,"France",2022,60,20,34,37,"EB99","Spring 2023","2023-05-31","2023-06-21",37730,"",7.3,"d",5.7,"",10.5382108129584,0.27735795386644,0.0104679764793653,0.00353360283817778,0.0384467171674691,0.143912965172903,0.0209901600028234,0.0824515625878631,0.0974073165875319,65.843887783121,0.0971198443946611,0.1045393568838,-0.282038453693584,0.00302075616545999,0.0824515625878631,0.122922805170079,0.122922805170079,0
2023,"HR",90.2048640118815,52.4387335180986,58.5553130511464,63.18153430313,2022,2021,0.612041906738408,"Croatia",2022,34,24,52,55,"EB99","Spring 2023","2023-05-31","2023-06-21",16490,"",6.1,"",8.4,"",9.71050941555364,-0.22572017651508,-0.986497724810468,-0.800293537597282,-1.15347333547663,-0.606108950662774,-0.976883436536957,-0.791496193599866,-0.935064392814279,40.3701837265756,-0.67083714630761,-0.72208604004535,-0.805713023538455,0.59209779463926,-0.791496193599866,0.370774485874183,0.370774485874183,0
2023,"HU",91.7100915263225,56.5982615268329,83.945524691358,68.1105924520014,2022,2021,0.516065936934747,"Hungary",2022,60,41,54,53,"EB99","Spring 2023","2023-05-31","2023-06-21",16050,"",4.1,"",17,"",9.68346412855816,0.0172310714315019,0.591211001154964,-0.5319199209271,-2.11677593059029,0.304221036293233,-1.3243479257587,-0.510063444732732,-0.60258301821586,48.5733451921237,0.025507383886455,0.0274560315031227,-0.408198376773135,-0.402894498387104,-0.510063444732732,1.62856896205193,1.62856896205193,0
2023,"IE",90.8541653278495,70.7606449987402,52.4426807760141,71.6470888250337,2022,2021,0.809185641539983,"Ireland",2022,66,50,64,60,"EB99","Spring 2023","2023-05-31","2023-06-21",87810,"",4.3,"",5.2,"",11.382930668354,-0.120919697189287,-1.36632729912644,0.381840021317464,0.825241458791716,-0.743623498157865,0.60354074005459,-0.0700413790516377,-0.0827460701698638,61.3990453557182,-0.368468991666089,-0.396618339542076,-0.122989912183475,-0.448807076400181,-0.0700413790516377,-1.34716423821245,0,1.34716423821245
2023,"IT",92.6232479346514,49.2008902326363,61.8157029698696,61.3244574383698,2022,2021,0.665569070594018,"Italy",2022,38,32,41,47,"EB99","Spring 2023","2023-05-31","2023-06-21",32630,"",7.7,"",5.9,"",10.3929873895874,0.164619082111301,-0.783902106557617,-1.00919986324436,-0.616225772814167,-0.309641512223158,-0.812712818029262,-0.56117716512621,-0.662968172700088,47.083489789082,-0.542827629230224,-0.584297180583262,-0.955481038362991,0.251649625977725,-0.56117716512621,0.503071305806104,0.503071305806104,0
2023,"LT",93.858749755046,77.6518644494835,94.9592151675485,85.1183667345539,2022,2021,0.764534692524094,"Lithuania",2022,57,29,65,60,"EB99","Spring 2023","2023-05-31","2023-06-21",19220,"",6.9,"",8.7,"",9.86370668252428,0.364035254235043,1.27558479904203,0.82646294088439,0.377083704832215,0.819810026638537,0.601773322858303,0.71079167474842,0.839721013367346,84.1586554001871,0.822027664720488,0.88482682345912,0.963430681354564,0.493339803842826,0.71079167474842,0.218036703780235,0.218036703780235,0
2023,"LU",95.5700078385263,89.6502057613169,78.6493827160494,88.7856861160102,2022,2021,0.8263840906317,"Luxembourg",2022,75,77,65,66,"EB99","Spring 2023","2023-05-31","2023-06-21",102250,"",5.2,"",2.9,"",11.535176073905,0.640240866311324,0.262116879105078,1.60059843056937,0.997860820449359,0.451178872708201,1.29922962550937,0.875204249108783,1.03395611551747,88.9509295753622,0.834318725328591,0.898056864954754,1.2591896528386,0.586184957826413,0.875204249108783,-0.848050752801165,0,0.848050752801165
2023,"LV",93.0902606310014,71.3158926121889,87.5079695767196,81.6812423451891,2022,2021,0.722523988771276,"Latvia",2022,58,30,55,51,"EB99","Spring 2023","2023-05-31","2023-06-21",16770,"",6.5,"",9.1,"",9.72734685481725,0.23999726666917,0.812575850769072,0.417664713411327,-0.0445741333790436,0.526286558719121,0.186545290016142,0.356415924367631,0.421065625587382,73.829361771247,0.490079276949856,0.52751909513183,0.686236287159874,0.0981762787278554,0.356415924367631,0.339741268702979,0.339741268702979,0
2023,"MT",99.8765432098765,98.1647770219199,94.5683862433862,95.7147061602419,2022,2021,0.678923377610604,"Malta",2022,49,43,58,55,"EB99","Spring 2023","2023-05-31","2023-06-21",33380,"",3.5,"",5.6,"",10.4157121972158,1.33533721072291,1.25129929040791,2.14996034826909,-0.482189736175639,1.29331825056541,0.833885306046727,1.06360177830607,1.25652676420922,94.4423137797117,1.57886561646664,1.69948373764529,1.81799558941357,1.07847908518856,1.06360177830607,0.459432944518685,0.459432944518685,0
2023,"NL",95.9561826376641,81.320987654321,85.2503086419753,85.3062524495395,2022,2021,0.83492212169579,"Netherlands",2022,68,36,57,61,"EB99","Spring 2023","2023-05-31","2023-06-21",50660,"p",3.6,"",4.1,"",10.8328919235557,0.702571410017129,0.672288270362452,1.06319553708834,1.08355630753872,0.687429840189791,1.07337592231353,0.880402881251661,1.0400977190368,89.1024585606692,0.812685072489306,0.874770499856433,0.978583134697369,0.73787063873956,0.880402881251661,-0.38594608212374,0,0.38594608212374
2023,"PL",88.5687242798354,56.8342151675485,67.9378858024691,62.2416492136978,2022,2021,0.642965222057698,"Poland",2022,51,31,57,51,"EB99","Spring 2023","2023-05-31","2023-06-21",15950,"",2.8,"",10.9,"",9.67721410821299,-0.489801311029316,-0.403479075280063,-0.516696142702177,-0.843098666092945,-0.446640193154689,-0.679897404397561,-0.563268798776125,-0.665439204354647,47.0225231509558,-0.469992176337185,-0.505897431785918,-0.881512106860521,0.303669508025499,-0.563268798776125,0.233257211242872,0.233257211242872,0
2023,"PT",95.5303938859494,70.8503611321072,88.2505291005291,79.0735231901402,2022,2021,0.689294299196816,"Portugal",2022,59,48,67,64,"EB99","Spring 2023","2023-05-31","2023-06-21",22130,"",6.5,"",5.3,"",10.0046894330451,0.633846976269902,0.858717358247,0.387628524997398,-0.378097683777986,0.746282167258451,0.00476542060970614,0.375523793934079,0.443639440343031,74.3863152173088,0.626730953171433,0.674610335221197,0.475931087368356,0.00355634842050959,0.375523793934079,0.741516746648745,0.741516746648745,0
2023,"RO",76.0456669235173,43.8163685227177,35.2035898001176,45.7930266819585,2022,2021,0.633312824948566,"Romania",2022,42,23,52,51,"EB99","Spring 2023","2023-05-31","2023-06-21",12970,"",5.6,"",9.7,"",9.47039427731049,-2.51108539176455,-2.43753791547707,-1.35661032959908,-0.939978949806836,-2.47431165362081,-1.14829463970296,-1.81130314666188,-2.13985246010193,10.644996685156,-2.10174454561357,-2.26230822858027,-2.20804715229867,2.84123880880734,-1.81130314666188,-1.32601701391785,0,1.32601701391785
2023,"SE",94.641975308642,66.3344461241286,79.1080687830688,76.6659638238011,2022,2021,0.857421302722463,"Sweden",2022,75,43,67,64,"EB99","Spring 2023","2023-05-31","2023-06-21",47960,"",7.7,"",5.9,"",10.7781226091414,0.490451775222211,0.290618926298301,0.0962607446335126,1.30937866198082,0.390535350760256,0.702819703307166,0.546677527033711,0.645838468983731,79.3750797221477,0.292443815384675,0.314785187059457,0.281768210370048,0.274475939352283,0.546677527033711,-0.312284352546909,0,0.312284352546909
2023,"SI",92.5649025042115,64.2266313932981,66.9861772486773,68.7016202468642,2022,2021,0.677239684423485,"Slovenia",2022,49,25,43,42,"EB99","Spring 2023","2023-05-31","2023-06-21",25120,"",3.7,"",7.2,"",10.1314196205821,0.155201837873231,-0.462616782014076,-0.0397359024369822,-0.499088820601093,-0.153707472070423,-0.269412361519038,-0.21155991679473,-0.249934423868514,57.27408328166,-0.115716948859276,-0.124557195181929,-0.360533650976146,0.0414106930336141,-0.21155991679473,0.115704889448615,0.115704889448615,0
2023,"SK",87.3831396756233,46.0534664483077,69.0007936507937,62.3545549701362,2022,2021,0.657005897283568,"Slovak Republic",2022,51,19,44,38,"EB99","Spring 2023","2023-05-31","2023-06-21",18750,"",5.8,"",11,"",9.83894903139856,-0.68116059484267,-0.337431615299742,-1.21227230377614,-0.702173610478528,-0.509296105071206,-0.957222957127334,-0.73325953109927,-0.866264277411351,42.0676576262195,-0.743621504639517,-0.800430790890482,-0.872406575837591,0.487509923749693,-0.73325953109927,0.447926852056128,0.447926852056128,0
2024,"AT",95.6671239140375,77.4208028890569,82.7245701058201,81.9987040332251,2023,2022,0.800185662399808,"Austria",2023,73,46,46,49,"EB101","Spring 2024","2024-04-03","2024-04-28",45140,"",5.2,"",2.9,"",10.7175240503715,0.655915886542319,0.515342759845785,0.811554800702394,0.734909438397079,0.585629323194052,0.773232119549736,0.679430721371894,0.802671547982395,83.2445508217515,0.660937815696833,0.711430445793927,0.711838677509038,0.452827402843815,0.679430721371894,-0.187602796355684,0,0.187602796355684
2024,"BE",94.1744825025527,64.7783236751491,79.3747905643739,77.8635901026265,2023,2022,0.783772197006411,"Belgium",2023,64,42,53,59,"EB101","Spring 2024","2024-04-03","2024-04-28",44410,"p",5.7,"",4.3,"",10.7012199482861,0.414996098551543,0.3071926078309,-0.00414060108104158,0.570168890939079,0.361094353191221,0.283014144929019,0.32205424906012,0.380471142231291,72.8277925796412,0.2393493684338,0.257634566885578,0.3783533941527,0.102194809607111,0.32205424906012,0.0780802082622026,0.0780802082622026,0
2024,"BG",90.895796590241,57.0289325606786,77.2325066137566,69.7408631739733,2023,2022,0.556276307095853,"Bulgaria",2023,47,19,52,48,"EB101","Spring 2024","2024-04-03","2024-04-28",11330,"",4.2,"b",2.6,"",9.33520935402205,-0.11420020325593,0.174074375880769,-0.504132935791879,-1.71318788656308,0.0299370863124195,-1.10866041117748,-0.53936166243253,-0.637195591675502,47.7193649378297,-0.148086254389013,-0.159399367798095,-0.276721638093375,-0.0331900624205827,-0.53936166243253,1.1385974974899,1.1385974974899,0
2024,"CY",78.752510057521,32.8883709862546,62.0562169312169,60.0516719805206,2023,2022,0.676614326468055,"Cyprus",2023,52,30,40,44,"EB101","Spring 2024","2024-04-03","2024-04-28",29950,"p",4.8,"",2.3,"",10.3072846035436,-2.07418737396152,-0.768956938675158,-2.0616870151425,-0.505365484880423,-1.42157215631834,-1.28352625001146,-1.3525492031649,-1.59788588957914,24.0166909411054,-1.63494377592639,-1.75984601233477,-1.05812759809181,1.82462517891999,-1.3525492031649,-0.138045906306877,0,0.138045906306877
2024,"CZ",90.0102782676857,61.9449168556311,64.5316515495087,68.4989529968366,2023,2022,0.732781848467799,"Czechia",2023,63,28,43,39,"EB101","Spring 2024","2024-04-03","2024-04-28",21920,"",2.6,"",2.7,"",9.99515474106195,-0.257127288683476,-0.615137236296211,-0.186952601398202,0.058383126507853,-0.436132262489844,-0.0642847374451747,-0.250208499967509,-0.295593410291709,56.1475599134409,-0.353072375459297,-0.380045492185525,-0.376878193457161,0.0280366479855296,-0.250208499967509,-0.371847525044669,0,0.371847525044669
2024,"DE",91.5622868900646,48.461214691638,62.0817611157523,65.7168236617467,2023,2022,0.83446079593622,"Germany",2023,70,38,47,48,"EB101","Spring 2024","2024-04-03","2024-04-28",43110,"p",3.5,"",2.5,"",10.6715102677412,-0.00662533597974907,-0.767369662310145,-1.05692388377826,1.07892602037105,-0.386997499144947,0.0110010682963971,-0.187998215424275,-0.222098904046957,57.9608563793997,-0.610306294022718,-0.656930907137839,-0.601249082680063,-0.00425738591862845,-0.187998215424275,-0.397998567441344,0,0.397998567441344
2024,"DK",97.944150499706,80.0824375017497,95.0144400352734,85.255792723468,2023,2022,0.899463856076313,"Denmark",2023,78,54,69,69,"EB101","Spring 2024","2024-04-03","2024-04-28",58160,"",6.2,"",1.3,"",10.9709531122074,1.02343936408199,1.27901638744052,0.983284022326328,1.73135617191189,1.15122787576125,1.35732009711911,1.25427398644018,1.48178469212746,100,1.09524659128295,1.17891842800551,0.97451370001444,1.56258473213449,1.25427398644018,-0.206092221357853,0,0.206092221357853
2024,"EE",95.2818048206937,86.7024439405392,94.5146825396825,92.0356124548585,2023,2022,0.816689709096418,"Estonia",2023,53,33,51,45,"EB101","Spring 2024","2024-04-03","2024-04-28",21060,"",7.6,"",3.7,"",9.95513078568797,0.593723458030746,1.24796222480363,1.41040822166509,0.900559142643308,0.920842841417187,1.1554836821542,1.03816326178569,1.22647399680924,93.7008355427238,1.08403130149982,1.16684634131199,1.52128705189168,1.06401887708607,1.03816326178569,-0.234640840737013,0,0.234640840737013
2024,"EL",95.8249559082892,52.656462585034,70.0811948853616,68.0845190854119,2023,2022,0.605062832945898,"Greece",2023,32,26,45,35,"EB101","Spring 2024","2024-04-03","2024-04-28",19020,"p",10.1,"",3,"",9.85324633609938,0.681390759677096,-0.270297143186008,-0.786245612682487,-1.22352170184967,0.205546808245544,-1.00488365726608,-0.399668424510268,-0.472163625944943,51.7911234340754,-0.125050665397133,-0.134603965028863,-0.410301120298723,-0.206550628409152,-0.399668424510268,1.21043046551162,1.21043046551162,0
2024,"ES",97.9522365584744,71.4026567742107,83.3413611188465,79.4771941243467,2023,2022,0.721093862995695,"Spain",2023,54,29,50,49,"EB101","Spring 2024","2024-04-03","2024-04-28",27800,"p",11.4,"d",2.9,"",10.2327912996787,1.02474449440274,0.553669205372833,0.423262755282964,-0.0589281833956713,0.789206849887787,0.182167285943646,0.485687067915717,0.573785050301768,77.5973385530167,0.667225485019513,0.718198464332135,0.50848601043358,0.143767669892193,0.485687067915717,0.607039563944141,0.607039563944141,0
2024,"FI",98.0641975308642,76.0692029898379,95.0787037037037,88.0135088603343,2023,2022,0.874657294273855,"Finland",2023,69,43,62,64,"EB101","Spring 2024","2024-04-03","2024-04-28",43110,"",8.4,"",1,"",10.6715102677412,1.04281555522409,1.283009633022,0.724349292653702,1.48237483409326,1.16291259412304,1.10336206337348,1.13313732874826,1.338675254346,96.4691260471866,1.0167248269666,1.09439795956596,1.19691573361115,1.28311363937461,1.13313732874826,0.0595505307495612,0.0595505307495612,0
2024,"FR",93.8507544581619,67.3053350970017,82.3229717813051,73.5530215069567,2023,2022,0.728061848896664,"France",2023,63,19,34,38,"EB101","Spring 2024","2024-04-03","2024-04-28",38180,"p",7.4,"bd",2.3,"",10.5500670972797,0.362744773336257,0.49038805722657,0.158902704126997,0.0110088947588942,0.426566415281414,0.0849557994429455,0.25576110736218,0.302153196054441,70.8954895779624,0.337345178229941,0.363116808926309,0.0307181865912524,0.036239290825744,0.25576110736218,0.341610615838468,0.341610615838468,0
2024,"HR",90.1572449642625,59.1426891744352,66.5403439153439,66.9084270972847,2023,2022,0.614118841811366,"Croatia",2023,45,34,57,58,"EB101","Spring 2024","2024-04-03","2024-04-28",17060,"p",5,"",4,"",9.74449182104567,-0.23340612892698,-0.490320180091005,-0.367752917192848,-1.1326273158974,-0.361863154508993,-0.750190116545124,-0.556026635527058,-0.656883396966173,47.2336166883323,-0.363826408736944,-0.391621084483468,-0.505149624232681,0.271466162054487,-0.556026635527058,0.388326962036131,0.388326962036131,0
2024,"HU",94.2344889396088,61.1523053665911,87.2445987654321,72.838458938102,2023,2022,0.514986409819789,"Hungary",2023,64,40,53,56,"EB101","Spring 2024","2024-04-03","2024-04-28",16210,"",4.5,"",3.7,"",9.69338361472972,0.424681437563579,0.79621039336285,-0.238092060365986,-2.12761105185515,0.610445915463214,-1.18285155611057,-0.286202820323676,-0.338116681509885,55.0984026177358,0.327599923520148,0.35262706127092,-0.0269092705356287,-0.722066901027002,-0.286202820323676,1.79329747157378,1.79329747157378,0
2024,"IE",90.6612200015709,70.4593096497858,58.4424603174603,74.1934095292413,2023,2022,0.811853233544836,"Ireland",2023,66,43,56,55,"EB101","Spring 2024","2024-04-03","2024-04-28",88600,"",4.3,"",1.3,"",11.3918871365932,-0.152062037702686,-0.993510220224392,0.362397801608967,0.852015851446838,-0.572786128963539,0.607206826527902,0.0172103487821815,0.0203321057817594,63.94224622502,-0.261058152106037,-0.281001802469308,0.0823636756040966,-0.347799647647153,0.0172103487821815,-1.17999295549144,0,1.17999295549144
2024,"IT",92.9715479542477,49.4813135130595,62.3561287477954,61.7818330916945,2023,2022,0.665518965750025,"Italy",2023,44,31,50,51,"EB101","Spring 2024","2024-04-03","2024-04-28",32900,"",6.5,"",1.1,"",10.4012279367535,0.220836447000601,-0.750320879364545,-0.991106894569141,-0.616728670845258,-0.264742216181972,-0.803917782707199,-0.534329999444586,-0.631251243572867,47.8660271301171,-0.506863775644361,-0.545585852858607,-0.918594981071892,0.212830975422001,-0.534329999444586,0.539175566525227,0.539175566525227,0
2024,"LT",93.7490495786792,77.9800327538423,94.3298941798942,85.9994498159346,2023,2022,0.767680140976451,"Lithuania",2023,58,34,68,58,"EB101","Spring 2024","2024-04-03","2024-04-28",19690,"",7.1,"",0.9,"",9.88786617163317,0.346329097197257,1.23647976015047,0.847636428484991,0.408654301755073,0.791404428673864,0.628145365120032,0.709774896896948,0.838519803845428,84.1290185049651,0.810148428610906,0.872040067972568,1.0344875484654,0.497117023806954,0.709774896896948,0.163259063553832,0.163259063553832,0
2024,"LU",96.6282088967274,89.9370958259847,79.541975308642,89.6344588967274,2023,2022,0.833299462762841,"Luxembourg",2023,78,72,56,61,"EB101","Spring 2024","2024-04-03","2024-04-28",101000,"",6.4,"",2.3,"",11.5228757958234,0.81103980879799,0.317581210872801,1.61910863751592,1.06726981869895,0.564310509835396,1.34318922810743,0.953749868971415,1.12674899682121,91.2403660561497,0.915909885728905,0.985881217318736,1.32764078527007,0.757975798118718,0.953749868971415,-0.778878718272039,0,0.778878718272039
2024,"LV",93.4108955516363,75.6774446404076,88.0468584656085,84.701237936018,2023,2022,0.727389570586546,"Latvia",2023,59,29,50,49,"EB101","Spring 2024","2024-04-03","2024-04-28",16910,"",6.9,"",1.3,"",9.73566044189263,0.291749346242631,0.846061578039627,0.699072962051629,0.0042612948950931,0.568905462141129,0.351667128473361,0.460286295307245,0.543776873120108,76.8569604701684,0.612294628777962,0.659071141586097,0.929790419463234,0.200065350243981,0.460286295307245,0.217238333667768,0.217238333667768,0
2024,"MT",99.8765432098765,98.265306122449,97.2169973544974,96.8828664336105,2023,2022,0.67979840356655,"Malta",2023,49,36,51,56,"EB101","Spring 2024","2024-04-03","2024-04-28",34480,"",3.2,"",2.4,"",10.4481347247776,1.33533721072291,1.41587991387428,2.15644650685077,-0.473407175542192,1.3756085622986,0.841519665654292,1.10856411397644,1.30964474436262,95.7528695016628,1.63588787714932,1.76086223857867,1.91220442290841,1.15760165741669,1.10856411397644,0.534088896644304,0.534088896644304,0
2024,"NL",96.2210464432687,81.2410346854791,84.9885802469136,85.1840388007055,2023,2022,0.832457378395535,"Netherlands",2023,68,39,60,63,"EB101","Spring 2024","2024-04-03","2024-04-28",50870,"p",3.7,"",3.2,"",10.8370286378168,0.745321752732868,0.656024870176065,1.05803695482454,1.05881788997148,0.700673311454466,1.05842742239801,0.879550366926238,1.03909056853309,89.0776095951835,0.819794525911159,0.882423083045257,0.968726948387763,0.741611846985829,0.879550366926238,-0.357754110943543,0,0.357754110943543
2024,"PL",90.6724063244531,65.0943562610229,76.4331018518519,68.70486580069,2023,2022,0.638910964759709,"Poland",2023,63,40,52,50,"EB101","Spring 2024","2024-04-03","2024-04-28",16510,"",2.9,"",3.7,"",9.71172153691417,-0.150256509250613,0.124400592680082,0.0162498874259473,-0.883790899621825,-0.0129279582852657,-0.433770506097939,-0.223349232191602,-0.263862183891129,56.9304500045873,-0.00320200971486139,-0.0034466286309836,-0.360271906207944,0.00560776700821277,-0.223349232191602,0.420842547812673,0.420842547812673,0
2024,"PT",96.6961917826115,72.549088771311,86.5258597883598,80.8978390979162,2023,2022,0.682963730374671,"Portugal",2023,57,41,68,62,"EB101","Spring 2024","2024-04-03","2024-04-28",22370,"p",6.5,"",2.7,"",10.0154760544842,0.822012586538299,0.751549058046426,0.497230787396743,-0.441637061263758,0.786780822292363,0.0277968630664926,0.407288842679428,0.481166299294423,75.3121983096923,0.690264143993823,0.742997171616431,0.623057023351477,0.0218700387806032,0.407288842679428,0.75898395922587,0.75898395922587,0
2024,"RO",77.2572483462098,42.5966658268246,36.9191247795414,47.707534429502,2023,2022,0.630478052813918,"Romania",2023,49,29,58,55,"EB101","Spring 2024","2024-04-03","2024-04-28",13090,"p",5.4,"",5.8,"",9.47960385890395,-2.31553009144746,-2.33093720867361,-1.43530580251617,-0.968431315117117,-2.32323365006053,-1.20186855881664,-1.76255110443859,-2.08225736472611,12.0660142310626,-2.02725770087908,-2.182130929148,-2.05364749865116,2.79222147879258,-1.76255110443859,-1.12136509124389,0,1.12136509124389
2024,"SE",95.7671957671958,70.4537876879147,82.7760471781305,81.8038211503737,2023,2022,0.854190506255238,"Sweden",2023,75,48,63,64,"EB101","Spring 2024","2024-04-03","2024-04-28",48770,"",8.4,"",2,"",10.7948706487041,0.672067984066366,0.518541465997673,0.362041523474676,1.27695143433698,0.59530472503202,0.819496478905826,0.707400601968923,0.835714839446119,84.0598128963789,0.517550324512905,0.557088805246845,0.696121922299933,0.487850126039741,0.707400601968923,-0.224191753873806,0,0.224191753873806
2024,"SI",93.0155617802677,70.0419501133787,78.0463624338624,74.8318548252634,2023,2022,0.687769081578531,"Slovenia",2023,52,19,39,43,"EB101","Spring 2024","2024-04-03","2024-04-28",25480,"",3.7,"",2,"",10.1456491096861,0.227940498617951,0.224646125626452,0.335469677071236,-0.393406162481693,0.226293312122201,-0.0289682427052284,0.0986625347084865,0.116558770410648,66.3164028772395,0.26268543377188,0.282753401021346,0.133852489219601,-0.00655531958812593,0.0986625347084865,0.25526155482743,0.25526155482743,0
2024,"SK",89.2047152194211,47.6390883513899,69.0166005291005,64.1748122242724,2023,2022,0.658992129181909,"Slovak Republic",2023,67,40,51,49,"EB101","Spring 2024","2024-04-03","2024-04-28",19110,"",5.3,"",3.2,"",9.85796703723432,-0.387149193012157,-0.336449400177299,-1.10996764711604,-0.682237970900375,-0.361799296594728,-0.896102809008209,-0.628951052801469,-0.74303545494373,45.1080262156848,-0.6111887467685,-0.657880775242544,-0.725607958830881,0.32420936597573,-0.628951052801469,0.534303512413481,0.534303512413481,0
