"model","role","outcome","n","countries","clusters","country_fe","year_fe","k_full_design","design_rank","design_condition_number","residual_df","inference_df","cr1_factor","r_squared_overall","r_squared_adjusted_overall","within_r_squared_including_year_fit","r_squared_incremental_beyond_included_fixed_effects","formula"
"dgri_pooled","core","trust_local_authorities_pct",81,27,27,FALSE,TRUE,7,7,419.590908342933,74,26,1.12266112266112,0.647349045991692,0.618755725396424,,0.636054985137635,"trust_local_authorities_pct ~ dgri_sd + ln_real_gdp_per_capita +      unemployment_rate_pct + hicp_inflation_pct + factor(survey_year)"
"dgri_twfe","core","trust_local_authorities_pct",81,27,27,TRUE,TRUE,33,33,13342.0474559763,48,26,1.73076923076923,0.936436947185409,0.894061578642348,0.4032678477772,0.157951774422676,"trust_local_authorities_pct ~ dgri_sd + ln_real_gdp_per_capita +      unemployment_rate_pct + hicp_inflation_pct + factor(country_iso2) +      factor(survey_year)"
"dgri_mundlak","core","trust_local_authorities_pct",81,27,27,FALSE,TRUE,11,11,1158.34942735156,70,26,1.18681318681319,0.696326775343165,0.652944886106475,,0.68660128377696,"trust_local_authorities_pct ~ dgri_sd_within + dgri_sd_between +      ln_real_gdp_per_capita_within + ln_real_gdp_per_capita_between +      unemployment_rate_pct_within + unemployment_rate_pct_between +      hicp_inflation_pct_within + hicp_inflation_pct_between +      factor(survey_year)"
"pca_pooled","sensitivity","trust_local_authorities_pct",81,27,27,FALSE,TRUE,7,7,411.256445943175,74,26,1.12266112266112,0.642308027045576,0.613305975184407,,0.630852521641045,"trust_local_authorities_pct ~ pca_pc1_sd + ln_real_gdp_per_capita +      unemployment_rate_pct + hicp_inflation_pct + factor(survey_year)"
"pca_twfe","sensitivity","trust_local_authorities_pct",81,27,27,TRUE,TRUE,33,33,13342.6222545706,48,26,1.73076923076923,0.93644170159383,0.894069502656384,0.403312482328944,0.158014758200164,"trust_local_authorities_pct ~ pca_pc1_sd + ln_real_gdp_per_capita +      unemployment_rate_pct + hicp_inflation_pct + factor(country_iso2) +      factor(survey_year)"
"pca_mundlak","sensitivity","trust_local_authorities_pct",81,27,27,FALSE,TRUE,11,11,1157.81078702972,70,26,1.18681318681319,0.692940309310303,0.649074639211775,,0.683106362193302,"trust_local_authorities_pct ~ pca_pc1_sd_within + pca_pc1_sd_between +      ln_real_gdp_per_capita_within + ln_real_gdp_per_capita_between +      unemployment_rate_pct_within + unemployment_rate_pct_between +      hicp_inflation_pct_within + hicp_inflation_pct_between +      factor(survey_year)"
"egov_pooled","component","trust_local_authorities_pct",81,27,27,FALSE,TRUE,7,7,389.634004111646,74,26,1.12266112266112,0.629843458739931,0.59983076620533,,0.617988760900604,"trust_local_authorities_pct ~ egov_only_sd + ln_real_gdp_per_capita +      unemployment_rate_pct + hicp_inflation_pct + factor(survey_year)"
"rol_pooled","component","trust_local_authorities_pct",81,27,27,FALSE,TRUE,7,7,510.888001304475,74,26,1.12266112266112,0.656702204903781,0.628867248544628,,0.645707689945545,"trust_local_authorities_pct ~ z_rule_of_law + ln_real_gdp_per_capita +      unemployment_rate_pct + hicp_inflation_pct + factor(survey_year)"
"components_pooled","component","trust_local_authorities_pct",81,27,27,FALSE,TRUE,8,8,512.202817951423,73,26,1.13804004214963,0.673027609272003,0.64167409235288,,0.662555934556523,"trust_local_authorities_pct ~ egov_only_sd + z_rule_of_law +      ln_real_gdp_per_capita + unemployment_rate_pct + hicp_inflation_pct +      factor(survey_year)"
"components_twfe","component","trust_local_authorities_pct",81,27,27,TRUE,TRUE,34,34,13342.4004446765,47,26,1.76759410801964,0.936535265548177,0.891974920082003,0.404190863988973,0.159254241803405,"trust_local_authorities_pct ~ egov_only_sd + z_rule_of_law +      ln_real_gdp_per_capita + unemployment_rate_pct + hicp_inflation_pct +      factor(country_iso2) + factor(survey_year)"
"four_pillars_pooled","component_diagnostic","trust_local_authorities_pct",81,27,27,FALSE,TRUE,10,10,560.528047041573,71,26,1.17009750812568,0.725657187849635,0.690881338422124,,0.716871037181157,"trust_local_authorities_pct ~ z_user_centricity + z_key_enablers +      z_transparency + z_rule_of_law + ln_real_gdp_per_capita +      unemployment_rate_pct + hicp_inflation_pct + factor(survey_year)"
"leave_out_user_centricity","component_diagnostic","trust_local_authorities_pct",81,27,27,FALSE,TRUE,7,7,424.519094669798,74,26,1.12266112266112,0.660711691350547,0.633201828487078,,0.649845584903357,"trust_local_authorities_pct ~ drop_user_centricity_sd + ln_real_gdp_per_capita +      unemployment_rate_pct + hicp_inflation_pct + factor(survey_year)"
"leave_out_key_enablers","component_diagnostic","trust_local_authorities_pct",81,27,27,FALSE,TRUE,7,7,447.990970475154,74,26,1.12266112266112,0.632787102589155,0.603013083880167,,0.621026678400269,"trust_local_authorities_pct ~ drop_key_enablers_sd + ln_real_gdp_per_capita +      unemployment_rate_pct + hicp_inflation_pct + factor(survey_year)"
"leave_out_transparency","component_diagnostic","trust_local_authorities_pct",81,27,27,FALSE,TRUE,7,7,423.569480414203,74,26,1.12266112266112,0.664335089839517,0.637119016042721,,0.653585026983215,"trust_local_authorities_pct ~ drop_transparency_sd + ln_real_gdp_per_capita +      unemployment_rate_pct + hicp_inflation_pct + factor(survey_year)"
"h2_pooled","dimension_supplement","trust_local_authorities_pct",81,27,27,FALSE,TRUE,8,8,489.487767663632,73,26,1.13804004214963,0.647631004080444,0.613842196252541,,0.636345973265229,"trust_local_authorities_pct ~ efficiency_conditions + legitimacy_conditions +      ln_real_gdp_per_capita + unemployment_rate_pct + hicp_inflation_pct +      factor(survey_year)"
"h2_twfe","dimension","trust_local_authorities_pct",81,27,27,TRUE,TRUE,34,34,13493.3321859714,47,26,1.76759410801964,0.94110671580979,0.899756112016663,0.447107798160601,0.219814290615633,"trust_local_authorities_pct ~ efficiency_conditions + legitimacy_conditions +      ln_real_gdp_per_capita + unemployment_rate_pct + hicp_inflation_pct +      factor(country_iso2) + factor(survey_year)"
"h3_twfe","secondary","trust_local_authorities_pct",81,27,27,TRUE,TRUE,35,35,13888.8106868371,46,26,1.80602006688963,0.941133306847705,0.897623142343836,0.447357435750093,0.220166554002959,"trust_local_authorities_pct ~ efficiency_conditions + legitimacy_conditions +      efficiency_x_legitimacy + ln_real_gdp_per_capita + unemployment_rate_pct +      hicp_inflation_pct + factor(country_iso2) + factor(survey_year)"
"h4_twfe","secondary","trust_local_authorities_pct",81,27,27,TRUE,TRUE,35,35,13761.6391293856,46,26,1.80602006688963,0.941181064777302,0.8977061996127,0.44780578885543,0.220799224683389,"trust_local_authorities_pct ~ mean_conditions + gap_positive +      gap_negative + ln_real_gdp_per_capita + unemployment_rate_pct +      hicp_inflation_pct + factor(country_iso2) + factor(survey_year)"
"official_pooled","sensitivity","trust_local_authorities_pct",81,27,27,FALSE,TRUE,7,7,398.633043032953,74,26,1.12266112266112,0.628214062925375,0.598069257216622,,0.616307181771993,"trust_local_authorities_pct ~ egov_official_sd + ln_real_gdp_per_capita +      unemployment_rate_pct + hicp_inflation_pct + factor(survey_year)"
"official_twfe","sensitivity","trust_local_authorities_pct",81,27,27,TRUE,TRUE,33,33,13146.2295669832,48,26,1.73076923076923,0.936413443193156,0.894022405321927,0.403047191479842,0.157640406511695,"trust_local_authorities_pct ~ egov_official_sd + ln_real_gdp_per_capita +      unemployment_rate_pct + hicp_inflation_pct + factor(country_iso2) +      factor(survey_year)"
"official_pt_check_pooled","sensitivity","trust_local_authorities_pct",81,27,27,FALSE,TRUE,7,7,398.420836561541,74,26,1.12266112266112,0.628249667326878,0.59810774846149,,0.616343926446258,"trust_local_authorities_pct ~ official_pt_source_check_sd + ln_real_gdp_per_capita +      unemployment_rate_pct + hicp_inflation_pct + factor(survey_year)"
"official_pt_check_twfe","sensitivity","trust_local_authorities_pct",81,27,27,TRUE,TRUE,33,33,13137.126488067,48,26,1.73076923076923,0.936419974251458,0.894033290419096,0.403108505282499,0.157726926365768,"trust_local_authorities_pct ~ official_pt_source_check_sd + ln_real_gdp_per_capita +      unemployment_rate_pct + hicp_inflation_pct + factor(country_iso2) +      factor(survey_year)"
"national_pooled","sensitivity","trust_national_government_pct",81,27,27,FALSE,TRUE,7,7,419.590908342933,74,26,1.12266112266112,0.548846268934432,0.512266236685872,,0.546627540512722,"trust_national_government_pct ~ dgri_sd + ln_real_gdp_per_capita +      unemployment_rate_pct + hicp_inflation_pct + factor(survey_year)"
"national_twfe","sensitivity","trust_national_government_pct",81,27,27,TRUE,TRUE,33,33,13342.0474559763,48,26,1.73076923076923,0.894290335990932,0.823817226651553,0.212478367909189,0.182680252100349,"trust_national_government_pct ~ dgri_sd + ln_real_gdp_per_capita +      unemployment_rate_pct + hicp_inflation_pct + factor(country_iso2) +      factor(survey_year)"
"eu_pooled","sensitivity","trust_european_union_pct",81,27,27,FALSE,TRUE,7,7,419.590908342933,74,26,1.12266112266112,0.24025421438123,0.178653204736465,,0.239537582117296,"trust_european_union_pct ~ dgri_sd + ln_real_gdp_per_capita +      unemployment_rate_pct + hicp_inflation_pct + factor(survey_year)"
"eu_twfe","sensitivity","trust_european_union_pct",81,27,27,TRUE,TRUE,33,33,13342.0474559763,48,26,1.73076923076923,0.907828462016967,0.846380770028279,0.161947232313477,0.154704512548135,"trust_european_union_pct ~ dgri_sd + ln_real_gdp_per_capita +      unemployment_rate_pct + hicp_inflation_pct + factor(country_iso2) +      factor(survey_year)"
"commission_pooled","sensitivity","trust_european_commission_pct",81,27,27,FALSE,TRUE,7,7,419.590908342933,74,26,1.12266112266112,0.337534178048257,0.283820733025143,,0.332296251115126,"trust_european_commission_pct ~ dgri_sd + ln_real_gdp_per_capita +      unemployment_rate_pct + hicp_inflation_pct + factor(survey_year)"
"commission_twfe","sensitivity","trust_european_commission_pct",81,27,27,TRUE,TRUE,33,33,13342.0474559763,48,26,1.73076923076923,0.936796620308805,0.894661033848008,0.327128771248882,0.265812726872176,"trust_european_commission_pct ~ dgri_sd + ln_real_gdp_per_capita +      unemployment_rate_pct + hicp_inflation_pct + factor(country_iso2) +      factor(survey_year)"
